step,cell_position,cell_type,population_size,health_level,resource_consumption,pollution_generation
0,"(0, 7)",land,383,100.0,0.5,0.1
0,"(1, 4)",land,364,100.0,0.5,0.1
0,"(1, 8)",land,361,100.0,0.5,0.1
0,"(2, 5)",land,445,100.0,0.5,0.1
0,"(3, 2)",land,390,100.0,0.5,0.1
0,"(3, 6)",land,390,100.0,0.5,0.1
0,"(3, 9)",land,409,100.0,0.5,0.1
0,"(4, 0)",land,371,100.0,0.5,0.1
0,"(4, 3)",land,484,100.0,0.5,0.1
0,"(4, 4)",land,404,100.0,0.5,0.1
0,"(4, 9)",land,439,100.0,0.5,0.1
0,"(5, 0)",land,407,100.0,0.5,0.1
0,"(5, 1)",land,429,100.0,0.5,0.1
0,"(5, 6)",land,373,100.0,0.5,0.1
0,"(6, 5)",land,352,100.0,0.5,0.1
0,"(7, 0)",land,472,100.0,0.5,0.1
0,"(7, 2)",land,492,100.0,0.5,0.1
0,"(7, 4)",land,494,100.0,0.5,0.1
0,"(7, 6)",land,499,100.0,0.5,0.1
0,"(7, 8)",land,368,100.0,0.5,0.1
0,"(8, 8)",land,386,100.0,0.5,0.1
0,"(8, 9)",land,471,100.0,0.5,0.1
0,"(9, 1)",land,403,100.0,0.5,0.1
0,"(9, 2)",land,420,100.0,0.5,0.1
1,"(0, 7)",land,383,100.0,0.5,0.1
1,"(1, 4)",land,364,100.0,0.5,0.1
1,"(1, 8)",land,361,100.0,0.5,0.1
1,"(2, 5)",land,445,100.0,0.5,0.1
1,"(3, 2)",land,390,100.0,0.5,0.1
1,"(3, 6)",land,390,100.0,0.5,0.1
1,"(3, 9)",land,409,100.0,0.5,0.1
1,"(4, 0)",land,371,100.0,0.5,0.1
1,"(4, 3)",land,484,100.0,0.5,0.1
1,"(4, 4)",land,404,100.0,0.5,0.1
1,"(4, 9)",land,439,100.0,0.5,0.1
1,"(5, 0)",land,407,100.0,0.5,0.1
1,"(5, 1)",land,429,100.0,0.5,0.1
1,"(5, 6)",land,373,100.0,0.5,0.1
1,"(6, 5)",land,352,100.0,0.5,0.1
1,"(7, 0)",land,472,100.0,0.5,0.1
1,"(7, 2)",land,492,100.0,0.5,0.1
1,"(7, 4)",land,494,100.0,0.5,0.1
1,"(7, 6)",land,499,100.0,0.5,0.1
1,"(7, 8)",land,368,100.0,0.5,0.1
1,"(8, 8)",land,386,100.0,0.5,0.1
1,"(8, 9)",land,471,100.0,0.5,0.1
1,"(9, 1)",land,403,100.0,0.5,0.1
1,"(9, 2)",land,420,100.0,0.5,0.1
2,"(0, 7)",land,383,100.0,0.5,0.1
2,"(1, 4)",land,364,100.0,0.5,0.1
2,"(1, 8)",land,361,100.0,0.5,0.1
2,"(2, 5)",land,445,100.0,0.5,0.1
2,"(3, 2)",land,390,100.0,0.5,0.1
2,"(3, 6)",land,390,100.0,0.5,0.1
2,"(3, 9)",land,409,100.0,0.5,0.1
2,"(4, 0)",land,371,100.0,0.5,0.1
2,"(4, 3)",land,484,100.0,0.5,0.1
2,"(4, 4)",land,404,100.0,0.5,0.1
2,"(4, 9)",land,439,100.0,0.5,0.1
2,"(5, 0)",land,407,100.0,0.5,0.1
2,"(5, 1)",land,429,100.0,0.5,0.1
2,"(5, 6)",land,373,100.0,0.5,0.1
2,"(6, 5)",land,352,100.0,0.5,0.1
2,"(7, 0)",land,472,100.0,0.5,0.1
2,"(7, 2)",land,492,100.0,0.5,0.1
2,"(7, 4)",land,494,100.0,0.5,0.1
2,"(7, 6)",land,499,100.0,0.5,0.1
2,"(7, 8)",land,368,100.0,0.5,0.1
2,"(8, 8)",land,386,100.0,0.5,0.1
2,"(8, 9)",land,471,100.0,0.5,0.1
2,"(9, 1)",land,403,100.0,0.5,0.1
2,"(9, 2)",land,420,100.0,0.5,0.1
3,"(0, 7)",land,383,100.0,0.5,0.1
3,"(1, 4)",land,364,100.0,0.5,0.1
3,"(1, 8)",land,361,100.0,0.5,0.1
3,"(2, 5)",land,445,100.0,0.5,0.1
3,"(3, 2)",land,390,100.0,0.5,0.1
3,"(3, 6)",land,390,100.0,0.5,0.1
3,"(3, 9)",land,409,100.0,0.5,0.1
3,"(4, 0)",land,371,100.0,0.5,0.1
3,"(4, 3)",land,484,100.0,0.5,0.1
3,"(4, 4)",land,404,100.0,0.5,0.1
3,"(4, 9)",land,439,100.0,0.5,0.1
3,"(5, 0)",land,407,100.0,0.5,0.1
3,"(5, 1)",land,429,100.0,0.5,0.1
3,"(5, 6)",land,373,100.0,0.5,0.1
3,"(6, 5)",land,352,100.0,0.5,0.1
3,"(7, 0)",land,472,100.0,0.5,0.1
3,"(7, 2)",land,492,100.0,0.5,0.1
3,"(7, 4)",land,494,100.0,0.5,0.1
3,"(7, 6)",land,499,100.0,0.5,0.1
3,"(7, 8)",land,368,100.0,0.5,0.1
3,"(8, 8)",land,386,100.0,0.5,0.1
3,"(8, 9)",land,471,100.0,0.5,0.1
3,"(9, 1)",land,403,100.0,0.5,0.1
3,"(9, 2)",land,420,100.0,0.5,0.1
4,"(0, 7)",land,383,100.0,0.5,0.1
4,"(1, 4)",land,364,100.0,0.5,0.1
4,"(1, 8)",land,361,100.0,0.5,0.1
4,"(2, 5)",land,445,100.0,0.5,0.1
4,"(3, 2)",land,390,100.0,0.5,0.1
4,"(3, 6)",land,390,100.0,0.5,0.1
4,"(3, 9)",land,409,100.0,0.5,0.1
4,"(4, 0)",land,371,100.0,0.5,0.1
4,"(4, 3)",land,484,100.0,0.5,0.1
4,"(4, 4)",land,404,100.0,0.5,0.1
4,"(4, 9)",land,439,100.0,0.5,0.1
4,"(5, 0)",land,407,100.0,0.5,0.1
4,"(5, 1)",land,429,100.0,0.5,0.1
4,"(5, 6)",land,373,100.0,0.5,0.1
4,"(6, 5)",land,352,100.0,0.5,0.1
4,"(7, 0)",land,472,100.0,0.5,0.1
4,"(7, 2)",land,492,100.0,0.5,0.1
4,"(7, 4)",land,494,100.0,0.5,0.1
4,"(7, 6)",land,499,100.0,0.5,0.1
4,"(7, 8)",land,368,100.0,0.5,0.1
4,"(8, 8)",land,386,100.0,0.5,0.1
4,"(8, 9)",land,471,100.0,0.5,0.1
4,"(9, 1)",land,403,100.0,0.5,0.1
4,"(9, 2)",land,420,100.0,0.5,0.1
5,"(0, 7)",land,383,100.0,0.5,0.1
5,"(1, 4)",land,364,100.0,0.5,0.1
5,"(1, 8)",land,361,100.0,0.5,0.1
5,"(2, 5)",land,445,100.0,0.5,0.1
5,"(3, 2)",land,390,100.0,0.5,0.1
5,"(3, 6)",land,390,100.0,0.5,0.1
5,"(3, 9)",land,409,100.0,0.5,0.1
5,"(4, 0)",land,371,100.0,0.5,0.1
5,"(4, 3)",land,484,100.0,0.5,0.1
5,"(4, 4)",land,404,100.0,0.5,0.1
5,"(4, 9)",land,439,100.0,0.5,0.1
5,"(5, 0)",land,407,100.0,0.5,0.1
5,"(5, 1)",land,429,100.0,0.5,0.1
5,"(5, 6)",land,373,100.0,0.5,0.1
5,"(6, 5)",land,352,100.0,0.5,0.1
5,"(7, 0)",land,472,100.0,0.5,0.1
5,"(7, 2)",land,492,100.0,0.5,0.1
5,"(7, 4)",land,494,100.0,0.5,0.1
5,"(7, 6)",land,499,100.0,0.5,0.1
5,"(7, 8)",land,368,100.0,0.5,0.1
5,"(8, 8)",land,386,100.0,0.5,0.1
5,"(8, 9)",land,471,100.0,0.5,0.1
5,"(9, 1)",land,403,100.0,0.5,0.1
5,"(9, 2)",land,420,100.0,0.5,0.1
6,"(0, 7)",land,383,100.0,0.5,0.1
6,"(1, 4)",land,364,100.0,0.5,0.1
6,"(1, 8)",land,361,100.0,0.5,0.1
6,"(2, 5)",land,445,100.0,0.5,0.1
6,"(3, 2)",land,390,100.0,0.5,0.1
6,"(3, 6)",land,390,100.0,0.5,0.1
6,"(3, 9)",land,409,100.0,0.5,0.1
6,"(4, 0)",land,371,100.0,0.5,0.1
6,"(4, 3)",land,484,100.0,0.5,0.1
6,"(4, 4)",land,404,100.0,0.5,0.1
6,"(4, 9)",land,439,100.0,0.5,0.1
6,"(5, 0)",land,407,100.0,0.5,0.1
6,"(5, 1)",land,429,100.0,0.5,0.1
6,"(5, 6)",land,373,100.0,0.5,0.1
6,"(6, 5)",land,352,100.0,0.5,0.1
6,"(7, 0)",land,472,100.0,0.5,0.1
6,"(7, 2)",land,492,100.0,0.5,0.1
6,"(7, 4)",land,494,100.0,0.5,0.1
6,"(7, 6)",land,499,100.0,0.5,0.1
6,"(7, 8)",land,368,100.0,0.5,0.1
6,"(8, 8)",land,386,100.0,0.5,0.1
6,"(8, 9)",land,471,100.0,0.5,0.1
6,"(9, 1)",land,403,100.0,0.5,0.1
6,"(9, 2)",land,420,100.0,0.5,0.1
7,"(0, 7)",land,383,100.0,0.5,0.1
7,"(1, 4)",land,364,100.0,0.5,0.1
7,"(1, 8)",land,361,100.0,0.5,0.1
7,"(2, 5)",land,445,100.0,0.5,0.1
7,"(3, 2)",land,390,100.0,0.5,0.1
7,"(3, 6)",land,390,100.0,0.5,0.1
7,"(3, 9)",land,409,100.0,0.5,0.1
7,"(4, 0)",land,371,100.0,0.5,0.1
7,"(4, 3)",land,484,100.0,0.5,0.1
7,"(4, 4)",land,404,100.0,0.5,0.1
7,"(4, 9)",land,439,100.0,0.5,0.1
7,"(5, 0)",land,407,100.0,0.5,0.1
7,"(5, 1)",land,429,100.0,0.5,0.1
7,"(5, 6)",land,373,100.0,0.5,0.1
7,"(6, 5)",land,352,100.0,0.5,0.1
7,"(7, 0)",land,472,100.0,0.5,0.1
7,"(7, 2)",land,492,100.0,0.5,0.1
7,"(7, 4)",land,494,100.0,0.5,0.1
7,"(7, 6)",land,499,100.0,0.5,0.1
7,"(7, 8)",land,368,100.0,0.5,0.1
7,"(8, 8)",land,386,100.0,0.5,0.1
7,"(8, 9)",land,471,100.0,0.5,0.1
7,"(9, 1)",land,403,100.0,0.5,0.1
7,"(9, 2)",land,420,100.0,0.5,0.1
8,"(0, 7)",land,383,100.0,0.5,0.1
8,"(1, 4)",land,364,100.0,0.5,0.1
8,"(1, 8)",land,361,100.0,0.5,0.1
8,"(2, 5)",land,445,100.0,0.5,0.1
8,"(3, 2)",land,390,100.0,0.5,0.1
8,"(3, 6)",land,390,100.0,0.5,0.1
8,"(3, 9)",land,409,100.0,0.5,0.1
8,"(4, 0)",land,371,100.0,0.5,0.1
8,"(4, 3)",land,484,100.0,0.5,0.1
8,"(4, 4)",land,404,100.0,0.5,0.1
8,"(4, 9)",land,439,100.0,0.5,0.1
8,"(5, 0)",land,407,100.0,0.5,0.1
8,"(5, 1)",land,429,100.0,0.5,0.1
8,"(5, 6)",land,373,100.0,0.5,0.1
8,"(6, 5)",land,352,100.0,0.5,0.1
8,"(7, 0)",land,472,100.0,0.5,0.1
8,"(7, 2)",land,492,100.0,0.5,0.1
8,"(7, 4)",land,494,100.0,0.5,0.1
8,"(7, 6)",land,499,100.0,0.5,0.1
8,"(7, 8)",land,368,100.0,0.5,0.1
8,"(8, 8)",land,386,100.0,0.5,0.1
8,"(8, 9)",land,471,100.0,0.5,0.1
8,"(9, 1)",land,403,100.0,0.5,0.1
8,"(9, 2)",land,420,100.0,0.5,0.1
9,"(0, 7)",land,383,100.0,0.5,0.1
9,"(1, 4)",land,364,100.0,0.5,0.1
9,"(1, 8)",land,361,100.0,0.5,0.1
9,"(2, 5)",land,445,100.0,0.5,0.1
9,"(3, 2)",land,390,100.0,0.5,0.1
9,"(3, 6)",land,390,100.0,0.5,0.1
9,"(3, 9)",land,409,100.0,0.5,0.1
9,"(4, 0)",land,371,100.0,0.5,0.1
9,"(4, 3)",land,484,100.0,0.5,0.1
9,"(4, 4)",land,404,100.0,0.5,0.1
9,"(4, 9)",land,439,100.0,0.5,0.1
9,"(5, 0)",land,407,100.0,0.5,0.1
9,"(5, 1)",land,429,100.0,0.5,0.1
9,"(5, 6)",land,373,100.0,0.5,0.1
9,"(6, 5)",land,352,100.0,0.5,0.1
9,"(7, 0)",land,472,100.0,0.5,0.1
9,"(7, 2)",land,492,100.0,0.5,0.1
9,"(7, 4)",land,494,100.0,0.5,0.1
9,"(7, 6)",land,499,100.0,0.5,0.1
9,"(7, 8)",land,368,100.0,0.5,0.1
9,"(8, 8)",land,386,100.0,0.5,0.1
9,"(8, 9)",land,471,100.0,0.5,0.1
9,"(9, 1)",land,403,100.0,0.5,0.1
9,"(9, 2)",land,420,100.0,0.5,0.1
10,"(0, 7)",land,383,100.0,0.5,0.1
10,"(1, 4)",land,364,100.0,0.5,0.1
10,"(1, 8)",land,361,100.0,0.5,0.1
10,"(2, 5)",land,445,100.0,0.5,0.1
10,"(3, 2)",land,390,100.0,0.5,0.1
10,"(3, 6)",land,390,100.0,0.5,0.1
10,"(3, 9)",land,409,100.0,0.5,0.1
10,"(4, 0)",land,371,100.0,0.5,0.1
10,"(4, 3)",land,484,100.0,0.5,0.1
10,"(4, 4)",land,404,100.0,0.5,0.1
10,"(4, 9)",land,439,100.0,0.5,0.1
10,"(5, 0)",land,407,100.0,0.5,0.1
10,"(5, 1)",land,429,100.0,0.5,0.1
10,"(5, 6)",land,373,100.0,0.5,0.1
10,"(6, 5)",land,352,100.0,0.5,0.1
10,"(7, 0)",land,472,100.0,0.5,0.1
10,"(7, 2)",land,492,100.0,0.5,0.1
10,"(7, 4)",land,494,100.0,0.5,0.1
10,"(7, 6)",land,499,100.0,0.5,0.1
10,"(7, 8)",land,368,100.0,0.5,0.1
10,"(8, 8)",land,386,100.0,0.5,0.1
10,"(8, 9)",land,471,100.0,0.5,0.1
10,"(9, 1)",land,403,100.0,0.5,0.1
10,"(9, 2)",land,420,100.0,0.5,0.1
11,"(0, 7)",land,383,100.0,0.5,0.1
11,"(1, 4)",land,364,100.0,0.5,0.1
11,"(1, 8)",land,361,100.0,0.5,0.1
11,"(2, 5)",land,445,100.0,0.5,0.1
11,"(3, 2)",land,390,100.0,0.5,0.1
11,"(3, 6)",land,390,100.0,0.5,0.1
11,"(3, 9)",land,409,100.0,0.5,0.1
11,"(4, 0)",land,371,100.0,0.5,0.1
11,"(4, 3)",land,484,100.0,0.5,0.1
11,"(4, 4)",land,404,100.0,0.5,0.1
11,"(4, 9)",land,439,100.0,0.5,0.1
11,"(5, 0)",land,407,100.0,0.5,0.1
11,"(5, 1)",land,429,100.0,0.5,0.1
11,"(5, 6)",land,373,100.0,0.5,0.1
11,"(6, 5)",land,352,100.0,0.5,0.1
11,"(7, 0)",land,472,100.0,0.5,0.1
11,"(7, 2)",land,492,100.0,0.5,0.1
11,"(7, 4)",land,494,100.0,0.5,0.1
11,"(7, 6)",land,499,100.0,0.5,0.1
11,"(7, 8)",land,368,100.0,0.5,0.1
11,"(8, 8)",land,386,100.0,0.5,0.1
11,"(8, 9)",land,471,100.0,0.5,0.1
11,"(9, 1)",land,403,100.0,0.5,0.1
11,"(9, 2)",land,420,100.0,0.5,0.1
12,"(0, 7)",land,383,100.0,0.5,0.1
12,"(1, 4)",land,364,100.0,0.5,0.1
12,"(1, 8)",land,361,100.0,0.5,0.1
12,"(2, 5)",land,445,100.0,0.5,0.1
12,"(3, 2)",land,390,100.0,0.5,0.1
12,"(3, 6)",land,390,100.0,0.5,0.1
12,"(3, 9)",land,409,100.0,0.5,0.1
12,"(4, 0)",land,371,100.0,0.5,0.1
12,"(4, 3)",land,484,100.0,0.5,0.1
12,"(4, 4)",land,404,100.0,0.5,0.1
12,"(4, 9)",land,439,100.0,0.5,0.1
12,"(5, 0)",land,407,100.0,0.5,0.1
12,"(5, 1)",land,429,100.0,0.5,0.1
12,"(5, 6)",land,373,100.0,0.5,0.1
12,"(6, 5)",land,352,100.0,0.5,0.1
12,"(7, 0)",land,472,100.0,0.5,0.1
12,"(7, 2)",land,492,100.0,0.5,0.1
12,"(7, 4)",land,494,100.0,0.5,0.1
12,"(7, 6)",land,499,100.0,0.5,0.1
12,"(7, 8)",land,368,100.0,0.5,0.1
12,"(8, 8)",land,386,100.0,0.5,0.1
12,"(8, 9)",land,471,100.0,0.5,0.1
12,"(9, 1)",land,403,100.0,0.5,0.1
12,"(9, 2)",land,420,100.0,0.5,0.1
13,"(0, 7)",land,383,100.0,0.5,0.1
13,"(1, 4)",land,364,100.0,0.5,0.1
13,"(1, 8)",land,361,100.0,0.5,0.1
13,"(2, 5)",land,445,100.0,0.5,0.1
13,"(3, 2)",land,390,100.0,0.5,0.1
13,"(3, 6)",land,390,100.0,0.5,0.1
13,"(3, 9)",land,409,100.0,0.5,0.1
13,"(4, 0)",land,371,100.0,0.5,0.1
13,"(4, 3)",land,484,100.0,0.5,0.1
13,"(4, 4)",land,404,100.0,0.5,0.1
13,"(4, 9)",land,439,100.0,0.5,0.1
13,"(5, 0)",land,407,100.0,0.5,0.1
13,"(5, 1)",land,429,100.0,0.5,0.1
13,"(5, 6)",land,373,100.0,0.5,0.1
13,"(6, 5)",land,352,100.0,0.5,0.1
13,"(7, 0)",land,472,100.0,0.5,0.1
13,"(7, 2)",land,492,100.0,0.5,0.1
13,"(7, 4)",land,494,100.0,0.5,0.1
13,"(7, 6)",land,499,100.0,0.5,0.1
13,"(7, 8)",land,368,100.0,0.5,0.1
13,"(8, 8)",land,386,100.0,0.5,0.1
13,"(8, 9)",land,471,100.0,0.5,0.1
13,"(9, 1)",land,403,100.0,0.5,0.1
13,"(9, 2)",land,420,100.0,0.5,0.1
14,"(0, 7)",land,383,100.0,0.5,0.1
14,"(1, 4)",land,364,100.0,0.5,0.1
14,"(1, 8)",land,361,100.0,0.5,0.1
14,"(2, 5)",land,445,100.0,0.5,0.1
14,"(3, 2)",land,390,100.0,0.5,0.1
14,"(3, 6)",land,390,100.0,0.5,0.1
14,"(3, 9)",land,409,100.0,0.5,0.1
14,"(4, 0)",land,371,100.0,0.5,0.1
14,"(4, 3)",land,484,100.0,0.5,0.1
14,"(4, 4)",land,404,100.0,0.5,0.1
14,"(4, 9)",land,439,100.0,0.5,0.1
14,"(5, 0)",land,407,100.0,0.5,0.1
14,"(5, 1)",land,429,100.0,0.5,0.1
14,"(5, 6)",land,373,100.0,0.5,0.1
14,"(6, 5)",land,352,100.0,0.5,0.1
14,"(7, 0)",land,472,100.0,0.5,0.1
14,"(7, 2)",land,492,100.0,0.5,0.1
14,"(7, 4)",land,494,100.0,0.5,0.1
14,"(7, 6)",land,499,100.0,0.5,0.1
14,"(7, 8)",land,368,100.0,0.5,0.1
14,"(8, 8)",land,386,100.0,0.5,0.1
14,"(8, 9)",land,471,100.0,0.5,0.1
14,"(9, 1)",land,403,100.0,0.5,0.1
14,"(9, 2)",land,420,100.0,0.5,0.1
15,"(0, 7)",land,383,100.0,0.5,0.1
15,"(1, 4)",land,364,100.0,0.5,0.1
15,"(1, 8)",land,361,100.0,0.5,0.1
15,"(2, 5)",land,445,100.0,0.5,0.1
15,"(3, 2)",land,390,100.0,0.5,0.1
15,"(3, 6)",land,390,100.0,0.5,0.1
15,"(3, 9)",land,409,100.0,0.5,0.1
15,"(4, 0)",land,371,100.0,0.5,0.1
15,"(4, 3)",land,484,100.0,0.5,0.1
15,"(4, 4)",land,404,100.0,0.5,0.1
15,"(4, 9)",land,439,100.0,0.5,0.1
15,"(5, 0)",land,407,100.0,0.5,0.1
15,"(5, 1)",land,429,100.0,0.5,0.1
15,"(5, 6)",land,373,100.0,0.5,0.1
15,"(6, 5)",land,352,100.0,0.5,0.1
15,"(7, 0)",land,472,100.0,0.5,0.1
15,"(7, 2)",land,492,100.0,0.5,0.1
15,"(7, 4)",land,494,100.0,0.5,0.1
15,"(7, 6)",land,499,100.0,0.5,0.1
15,"(7, 8)",land,368,100.0,0.5,0.1
15,"(8, 8)",land,386,100.0,0.5,0.1
15,"(8, 9)",land,471,100.0,0.5,0.1
15,"(9, 1)",land,403,100.0,0.5,0.1
15,"(9, 2)",land,420,100.0,0.5,0.1
16,"(0, 7)",land,383,100.0,0.5,0.1
16,"(1, 4)",land,364,100.0,0.5,0.1
16,"(1, 8)",land,361,100.0,0.5,0.1
16,"(2, 5)",land,445,100.0,0.5,0.1
16,"(3, 2)",land,390,100.0,0.5,0.1
16,"(3, 6)",land,390,100.0,0.5,0.1
16,"(3, 9)",land,409,100.0,0.5,0.1
16,"(4, 0)",land,371,100.0,0.5,0.1
16,"(4, 3)",land,484,100.0,0.5,0.1
16,"(4, 4)",land,404,100.0,0.5,0.1
16,"(4, 9)",land,439,100.0,0.5,0.1
16,"(5, 0)",land,407,100.0,0.5,0.1
16,"(5, 1)",land,429,100.0,0.5,0.1
16,"(5, 6)",land,373,100.0,0.5,0.1
16,"(6, 5)",land,352,100.0,0.5,0.1
16,"(7, 0)",land,472,100.0,0.5,0.1
16,"(7, 2)",land,492,100.0,0.5,0.1
16,"(7, 4)",land,494,100.0,0.5,0.1
16,"(7, 6)",land,499,100.0,0.5,0.1
16,"(7, 8)",land,368,100.0,0.5,0.1
16,"(8, 8)",land,386,100.0,0.5,0.1
16,"(8, 9)",land,471,100.0,0.5,0.1
16,"(9, 1)",land,403,100.0,0.5,0.1
16,"(9, 2)",land,420,100.0,0.5,0.1
17,"(0, 7)",land,383,100.0,0.5,0.1
17,"(1, 4)",land,364,100.0,0.5,0.1
17,"(1, 8)",land,361,100.0,0.5,0.1
17,"(2, 5)",land,445,100.0,0.5,0.1
17,"(3, 2)",land,390,100.0,0.5,0.1
17,"(3, 6)",land,390,100.0,0.5,0.1
17,"(3, 9)",land,409,100.0,0.5,0.1
17,"(4, 0)",land,371,100.0,0.5,0.1
17,"(4, 3)",land,484,100.0,0.5,0.1
17,"(4, 4)",land,404,100.0,0.5,0.1
17,"(4, 9)",land,439,100.0,0.5,0.1
17,"(5, 0)",land,407,100.0,0.5,0.1
17,"(5, 1)",land,429,100.0,0.5,0.1
17,"(5, 6)",land,373,100.0,0.5,0.1
17,"(6, 5)",land,352,100.0,0.5,0.1
17,"(7, 0)",land,472,100.0,0.5,0.1
17,"(7, 2)",land,492,100.0,0.5,0.1
17,"(7, 4)",land,494,100.0,0.5,0.1
17,"(7, 6)",land,499,100.0,0.5,0.1
17,"(7, 8)",land,368,100.0,0.5,0.1
17,"(8, 8)",land,386,100.0,0.5,0.1
17,"(8, 9)",land,471,100.0,0.5,0.1
17,"(9, 1)",land,403,100.0,0.5,0.1
17,"(9, 2)",land,420,100.0,0.5,0.1
18,"(0, 7)",land,383,100.0,0.5,0.1
18,"(1, 4)",land,364,100.0,0.5,0.1
18,"(1, 8)",land,361,100.0,0.5,0.1
18,"(2, 5)",land,445,100.0,0.5,0.1
18,"(3, 2)",land,390,100.0,0.5,0.1
18,"(3, 6)",land,390,100.0,0.5,0.1
18,"(3, 9)",land,409,100.0,0.5,0.1
18,"(4, 0)",land,371,100.0,0.5,0.1
18,"(4, 3)",land,484,100.0,0.5,0.1
18,"(4, 4)",land,404,100.0,0.5,0.1
18,"(4, 9)",land,439,100.0,0.5,0.1
18,"(5, 0)",land,407,100.0,0.5,0.1
18,"(5, 1)",land,429,100.0,0.5,0.1
18,"(5, 6)",land,373,100.0,0.5,0.1
18,"(6, 5)",land,352,100.0,0.5,0.1
18,"(7, 0)",land,472,100.0,0.5,0.1
18,"(7, 2)",land,492,100.0,0.5,0.1
18,"(7, 4)",land,494,100.0,0.5,0.1
18,"(7, 6)",land,499,100.0,0.5,0.1
18,"(7, 8)",land,368,100.0,0.5,0.1
18,"(8, 8)",land,386,100.0,0.5,0.1
18,"(8, 9)",land,471,100.0,0.5,0.1
18,"(9, 1)",land,403,100.0,0.5,0.1
18,"(9, 2)",land,420,100.0,0.5,0.1
19,"(0, 7)",land,383,100.0,0.5,0.1
19,"(1, 4)",land,364,100.0,0.5,0.1
19,"(1, 8)",land,361,100.0,0.5,0.1
19,"(2, 5)",land,445,100.0,0.5,0.1
19,"(3, 2)",land,390,100.0,0.5,0.1
19,"(3, 6)",land,390,100.0,0.5,0.1
19,"(3, 9)",land,409,100.0,0.5,0.1
19,"(4, 0)",land,371,100.0,0.5,0.1
19,"(4, 3)",land,484,100.0,0.5,0.1
19,"(4, 4)",land,404,100.0,0.5,0.1
19,"(4, 9)",land,439,100.0,0.5,0.1
19,"(5, 0)",land,407,100.0,0.5,0.1
19,"(5, 1)",land,429,100.0,0.5,0.1
19,"(5, 6)",land,373,100.0,0.5,0.1
19,"(6, 5)",land,352,100.0,0.5,0.1
19,"(7, 0)",land,472,100.0,0.5,0.1
19,"(7, 2)",land,492,100.0,0.5,0.1
19,"(7, 4)",land,494,100.0,0.5,0.1
19,"(7, 6)",land,499,100.0,0.5,0.1
19,"(7, 8)",land,368,100.0,0.5,0.1
19,"(8, 8)",land,386,100.0,0.5,0.1
19,"(8, 9)",land,471,100.0,0.5,0.1
19,"(9, 1)",land,403,100.0,0.5,0.1
19,"(9, 2)",land,420,100.0,0.5,0.1
20,"(0, 7)",land,383,100.0,0.5,0.1
20,"(1, 4)",land,364,100.0,0.5,0.1
20,"(1, 8)",land,361,100.0,0.5,0.1
20,"(2, 5)",land,445,100.0,0.5,0.1
20,"(3, 2)",land,390,100.0,0.5,0.1
20,"(3, 6)",land,390,100.0,0.5,0.1
20,"(3, 9)",land,409,100.0,0.5,0.1
20,"(4, 0)",land,371,100.0,0.5,0.1
20,"(4, 3)",land,484,100.0,0.5,0.1
20,"(4, 4)",land,404,100.0,0.5,0.1
20,"(4, 9)",land,439,100.0,0.5,0.1
20,"(5, 0)",land,407,100.0,0.5,0.1
20,"(5, 1)",land,429,100.0,0.5,0.1
20,"(5, 6)",land,373,100.0,0.5,0.1
20,"(6, 5)",land,352,100.0,0.5,0.1
20,"(7, 0)",land,472,100.0,0.5,0.1
20,"(7, 2)",land,492,100.0,0.5,0.1
20,"(7, 4)",land,494,100.0,0.5,0.1
20,"(7, 6)",land,499,100.0,0.5,0.1
20,"(7, 8)",land,368,100.0,0.5,0.1
20,"(8, 8)",land,386,100.0,0.5,0.1
20,"(8, 9)",land,471,100.0,0.5,0.1
20,"(9, 1)",land,403,100.0,0.5,0.1
20,"(9, 2)",land,420,100.0,0.5,0.1
21,"(0, 7)",land,383,100.0,0.5,0.1
21,"(1, 4)",land,364,100.0,0.5,0.1
21,"(1, 8)",land,361,100.0,0.5,0.1
21,"(2, 5)",land,445,100.0,0.5,0.1
21,"(3, 2)",land,390,100.0,0.5,0.1
21,"(3, 6)",land,390,100.0,0.5,0.1
21,"(3, 9)",land,409,100.0,0.5,0.1
21,"(4, 0)",land,371,100.0,0.5,0.1
21,"(4, 3)",land,484,100.0,0.5,0.1
21,"(4, 4)",land,404,100.0,0.5,0.1
21,"(4, 9)",land,439,100.0,0.5,0.1
21,"(5, 0)",land,407,100.0,0.5,0.1
21,"(5, 1)",land,429,100.0,0.5,0.1
21,"(5, 6)",land,373,100.0,0.5,0.1
21,"(6, 5)",land,352,100.0,0.5,0.1
21,"(7, 0)",land,472,100.0,0.5,0.1
21,"(7, 2)",land,492,100.0,0.5,0.1
21,"(7, 4)",land,494,100.0,0.5,0.1
21,"(7, 6)",land,499,100.0,0.5,0.1
21,"(7, 8)",land,368,100.0,0.5,0.1
21,"(8, 8)",land,386,100.0,0.5,0.1
21,"(8, 9)",land,471,100.0,0.5,0.1
21,"(9, 1)",land,403,100.0,0.5,0.1
21,"(9, 2)",land,420,100.0,0.5,0.1
22,"(0, 7)",land,383,100.0,0.5,0.1
22,"(1, 4)",land,364,100.0,0.5,0.1
22,"(1, 8)",land,361,100.0,0.5,0.1
22,"(2, 5)",land,445,100.0,0.5,0.1
22,"(3, 2)",land,390,100.0,0.5,0.1
22,"(3, 6)",land,390,100.0,0.5,0.1
22,"(3, 9)",land,409,100.0,0.5,0.1
22,"(4, 0)",land,371,100.0,0.5,0.1
22,"(4, 3)",land,484,100.0,0.5,0.1
22,"(4, 4)",land,404,100.0,0.5,0.1
22,"(4, 9)",land,439,100.0,0.5,0.1
22,"(5, 0)",land,407,100.0,0.5,0.1
22,"(5, 1)",land,429,100.0,0.5,0.1
22,"(5, 6)",land,373,100.0,0.5,0.1
22,"(6, 5)",land,352,100.0,0.5,0.1
22,"(7, 0)",land,472,100.0,0.5,0.1
22,"(7, 2)",land,492,100.0,0.5,0.1
22,"(7, 4)",land,494,100.0,0.5,0.1
22,"(7, 6)",land,499,100.0,0.5,0.1
22,"(7, 8)",land,368,100.0,0.5,0.1
22,"(8, 8)",land,386,100.0,0.5,0.1
22,"(8, 9)",land,471,100.0,0.5,0.1
22,"(9, 1)",land,403,100.0,0.5,0.1
22,"(9, 2)",land,420,100.0,0.5,0.1
23,"(0, 7)",land,383,100.0,0.5,0.1
23,"(1, 4)",land,364,100.0,0.5,0.1
23,"(1, 8)",land,361,100.0,0.5,0.1
23,"(2, 5)",land,445,100.0,0.5,0.1
23,"(3, 2)",land,390,100.0,0.5,0.1
23,"(3, 6)",land,390,100.0,0.5,0.1
23,"(3, 9)",land,409,100.0,0.5,0.1
23,"(4, 0)",land,371,100.0,0.5,0.1
23,"(4, 3)",land,484,100.0,0.5,0.1
23,"(4, 4)",land,404,100.0,0.5,0.1
23,"(4, 9)",land,439,100.0,0.5,0.1
23,"(5, 0)",land,407,100.0,0.5,0.1
23,"(5, 1)",land,429,100.0,0.5,0.1
23,"(5, 6)",land,373,100.0,0.5,0.1
23,"(6, 5)",land,352,100.0,0.5,0.1
23,"(7, 0)",land,472,100.0,0.5,0.1
23,"(7, 2)",land,492,100.0,0.5,0.1
23,"(7, 4)",land,494,100.0,0.5,0.1
23,"(7, 6)",land,499,100.0,0.5,0.1
23,"(7, 8)",land,368,100.0,0.5,0.1
23,"(8, 8)",land,386,100.0,0.5,0.1
23,"(8, 9)",land,471,100.0,0.5,0.1
23,"(9, 1)",land,403,100.0,0.5,0.1
23,"(9, 2)",land,420,100.0,0.5,0.1
24,"(0, 7)",land,383,100.0,0.5,0.1
24,"(1, 4)",land,364,100.0,0.5,0.1
24,"(1, 8)",land,361,100.0,0.5,0.1
24,"(2, 5)",land,445,100.0,0.5,0.1
24,"(3, 2)",land,390,100.0,0.5,0.1
24,"(3, 6)",land,390,100.0,0.5,0.1
24,"(3, 9)",land,409,100.0,0.5,0.1
24,"(4, 0)",land,371,100.0,0.5,0.1
24,"(4, 3)",land,484,100.0,0.5,0.1
24,"(4, 4)",land,404,100.0,0.5,0.1
24,"(4, 9)",land,439,100.0,0.5,0.1
24,"(5, 0)",land,407,100.0,0.5,0.1
24,"(5, 1)",land,429,100.0,0.5,0.1
24,"(5, 6)",land,373,100.0,0.5,0.1
24,"(6, 5)",land,352,100.0,0.5,0.1
24,"(7, 0)",land,472,100.0,0.5,0.1
24,"(7, 2)",land,492,100.0,0.5,0.1
24,"(7, 4)",land,494,100.0,0.5,0.1
24,"(7, 6)",land,499,100.0,0.5,0.1
24,"(7, 8)",land,368,100.0,0.5,0.1
24,"(8, 8)",land,386,100.0,0.5,0.1
24,"(8, 9)",land,471,100.0,0.5,0.1
24,"(9, 1)",land,403,100.0,0.5,0.1
24,"(9, 2)",land,420,100.0,0.5,0.1
25,"(0, 7)",land,383,100.0,0.5,0.1
25,"(1, 4)",land,364,100.0,0.5,0.1
25,"(1, 8)",land,361,100.0,0.5,0.1
25,"(2, 5)",land,445,100.0,0.5,0.1
25,"(3, 2)",land,390,100.0,0.5,0.1
25,"(3, 6)",land,390,100.0,0.5,0.1
25,"(3, 9)",land,409,100.0,0.5,0.1
25,"(4, 0)",land,371,100.0,0.5,0.1
25,"(4, 3)",land,484,100.0,0.5,0.1
25,"(4, 4)",land,404,100.0,0.5,0.1
25,"(4, 9)",land,439,100.0,0.5,0.1
25,"(5, 0)",land,407,100.0,0.5,0.1
25,"(5, 1)",land,429,100.0,0.5,0.1
25,"(5, 6)",land,373,100.0,0.5,0.1
25,"(6, 5)",land,352,100.0,0.5,0.1
25,"(7, 0)",land,472,100.0,0.5,0.1
25,"(7, 2)",land,492,100.0,0.5,0.1
25,"(7, 4)",land,494,100.0,0.5,0.1
25,"(7, 6)",land,499,100.0,0.5,0.1
25,"(7, 8)",land,368,100.0,0.5,0.1
25,"(8, 8)",land,386,100.0,0.5,0.1
25,"(8, 9)",land,471,100.0,0.5,0.1
25,"(9, 1)",land,403,100.0,0.5,0.1
25,"(9, 2)",land,420,100.0,0.5,0.1
26,"(0, 7)",land,383,100.0,0.5,0.1
26,"(1, 4)",land,364,100.0,0.5,0.1
26,"(1, 8)",land,361,100.0,0.5,0.1
26,"(2, 5)",land,445,100.0,0.5,0.1
26,"(3, 2)",land,390,100.0,0.5,0.1
26,"(3, 6)",land,390,100.0,0.5,0.1
26,"(3, 9)",land,409,100.0,0.5,0.1
26,"(4, 0)",land,371,100.0,0.5,0.1
26,"(4, 3)",land,484,100.0,0.5,0.1
26,"(4, 4)",land,404,100.0,0.5,0.1
26,"(4, 9)",land,439,100.0,0.5,0.1
26,"(5, 0)",land,407,100.0,0.5,0.1
26,"(5, 1)",land,429,100.0,0.5,0.1
26,"(5, 6)",land,373,100.0,0.5,0.1
26,"(6, 5)",land,352,100.0,0.5,0.1
26,"(7, 0)",land,472,100.0,0.5,0.1
26,"(7, 2)",land,492,100.0,0.5,0.1
26,"(7, 4)",land,494,100.0,0.5,0.1
26,"(7, 6)",land,499,100.0,0.5,0.1
26,"(7, 8)",land,368,100.0,0.5,0.1
26,"(8, 8)",land,386,100.0,0.5,0.1
26,"(8, 9)",land,471,100.0,0.5,0.1
26,"(9, 1)",land,403,100.0,0.5,0.1
26,"(9, 2)",land,420,100.0,0.5,0.1
27,"(0, 7)",land,383,100.0,0.5,0.1
27,"(1, 4)",land,364,100.0,0.5,0.1
27,"(1, 8)",land,361,100.0,0.5,0.1
27,"(2, 5)",land,445,100.0,0.5,0.1
27,"(3, 2)",land,390,100.0,0.5,0.1
27,"(3, 6)",land,390,100.0,0.5,0.1
27,"(3, 9)",land,409,100.0,0.5,0.1
27,"(4, 0)",land,371,100.0,0.5,0.1
27,"(4, 3)",land,484,100.0,0.5,0.1
27,"(4, 4)",land,404,100.0,0.5,0.1
27,"(4, 9)",land,439,100.0,0.5,0.1
27,"(5, 0)",land,407,100.0,0.5,0.1
27,"(5, 1)",land,429,100.0,0.5,0.1
27,"(5, 6)",land,373,100.0,0.5,0.1
27,"(6, 5)",land,352,100.0,0.5,0.1
27,"(7, 0)",land,472,100.0,0.5,0.1
27,"(7, 2)",land,492,100.0,0.5,0.1
27,"(7, 4)",land,494,100.0,0.5,0.1
27,"(7, 6)",land,499,100.0,0.5,0.1
27,"(7, 8)",land,368,100.0,0.5,0.1
27,"(8, 8)",land,386,100.0,0.5,0.1
27,"(8, 9)",land,471,100.0,0.5,0.1
27,"(9, 1)",land,403,100.0,0.5,0.1
27,"(9, 2)",land,420,100.0,0.5,0.1
28,"(0, 7)",land,383,100.0,0.5,0.1
28,"(1, 4)",land,364,100.0,0.5,0.1
28,"(1, 8)",land,361,100.0,0.5,0.1
28,"(2, 5)",land,445,100.0,0.5,0.1
28,"(3, 2)",land,390,100.0,0.5,0.1
28,"(3, 6)",land,390,100.0,0.5,0.1
28,"(3, 9)",land,409,100.0,0.5,0.1
28,"(4, 0)",land,371,100.0,0.5,0.1
28,"(4, 3)",land,484,100.0,0.5,0.1
28,"(4, 4)",land,404,100.0,0.5,0.1
28,"(4, 9)",land,439,100.0,0.5,0.1
28,"(5, 0)",land,407,100.0,0.5,0.1
28,"(5, 1)",land,429,100.0,0.5,0.1
28,"(5, 6)",land,373,100.0,0.5,0.1
28,"(6, 5)",land,352,100.0,0.5,0.1
28,"(7, 0)",land,472,100.0,0.5,0.1
28,"(7, 2)",land,492,100.0,0.5,0.1
28,"(7, 4)",land,494,100.0,0.5,0.1
28,"(7, 6)",land,499,100.0,0.5,0.1
28,"(7, 8)",land,368,100.0,0.5,0.1
28,"(8, 8)",land,386,100.0,0.5,0.1
28,"(8, 9)",land,471,100.0,0.5,0.1
28,"(9, 1)",land,403,100.0,0.5,0.1
28,"(9, 2)",land,420,100.0,0.5,0.1
29,"(0, 7)",land,383,100.0,0.5,0.1
29,"(1, 4)",land,364,100.0,0.5,0.1
29,"(1, 8)",land,361,100.0,0.5,0.1
29,"(2, 5)",land,445,100.0,0.5,0.1
29,"(3, 2)",land,390,100.0,0.5,0.1
29,"(3, 6)",land,390,100.0,0.5,0.1
29,"(3, 9)",land,409,100.0,0.5,0.1
29,"(4, 0)",land,371,100.0,0.5,0.1
29,"(4, 3)",land,484,100.0,0.5,0.1
29,"(4, 4)",land,404,100.0,0.5,0.1
29,"(4, 9)",land,439,100.0,0.5,0.1
29,"(5, 0)",land,407,100.0,0.5,0.1
29,"(5, 1)",land,429,100.0,0.5,0.1
29,"(5, 6)",land,373,100.0,0.5,0.1
29,"(6, 5)",land,352,100.0,0.5,0.1
29,"(7, 0)",land,472,100.0,0.5,0.1
29,"(7, 2)",land,492,100.0,0.5,0.1
29,"(7, 4)",land,494,100.0,0.5,0.1
29,"(7, 6)",land,499,100.0,0.5,0.1
29,"(7, 8)",land,368,100.0,0.5,0.1
29,"(8, 8)",land,386,100.0,0.5,0.1
29,"(8, 9)",land,471,100.0,0.5,0.1
29,"(9, 1)",land,403,100.0,0.5,0.1
29,"(9, 2)",land,420,100.0,0.5,0.1
30,"(0, 7)",land,383,100.0,0.5,0.1
30,"(1, 4)",land,364,100.0,0.5,0.1
30,"(1, 8)",land,361,100.0,0.5,0.1
30,"(2, 5)",land,445,100.0,0.5,0.1
30,"(3, 2)",land,390,100.0,0.5,0.1
30,"(3, 6)",land,390,100.0,0.5,0.1
30,"(3, 9)",land,409,100.0,0.5,0.1
30,"(4, 0)",land,371,100.0,0.5,0.1
30,"(4, 3)",land,484,100.0,0.5,0.1
30,"(4, 4)",land,404,100.0,0.5,0.1
30,"(4, 9)",land,439,100.0,0.5,0.1
30,"(5, 0)",land,407,100.0,0.5,0.1
30,"(5, 1)",land,429,100.0,0.5,0.1
30,"(5, 6)",land,373,100.0,0.5,0.1
30,"(6, 5)",land,352,100.0,0.5,0.1
30,"(7, 0)",land,472,100.0,0.5,0.1
30,"(7, 2)",land,492,100.0,0.5,0.1
30,"(7, 4)",land,494,100.0,0.5,0.1
30,"(7, 6)",land,499,100.0,0.5,0.1
30,"(7, 8)",land,368,100.0,0.5,0.1
30,"(8, 8)",land,386,100.0,0.5,0.1
30,"(8, 9)",land,471,100.0,0.5,0.1
30,"(9, 1)",land,403,100.0,0.5,0.1
30,"(9, 2)",land,420,100.0,0.5,0.1
31,"(0, 7)",land,383,100.0,0.5,0.1
31,"(1, 4)",land,364,100.0,0.5,0.1
31,"(1, 8)",land,361,100.0,0.5,0.1
31,"(2, 5)",land,445,100.0,0.5,0.1
31,"(3, 2)",land,390,100.0,0.5,0.1
31,"(3, 6)",land,390,100.0,0.5,0.1
31,"(3, 9)",land,409,100.0,0.5,0.1
31,"(4, 0)",land,371,100.0,0.5,0.1
31,"(4, 3)",land,484,100.0,0.5,0.1
31,"(4, 4)",land,404,100.0,0.5,0.1
31,"(4, 9)",land,439,100.0,0.5,0.1
31,"(5, 0)",land,407,100.0,0.5,0.1
31,"(5, 1)",land,429,100.0,0.5,0.1
31,"(5, 6)",land,373,100.0,0.5,0.1
31,"(6, 5)",land,352,100.0,0.5,0.1
31,"(7, 0)",land,472,100.0,0.5,0.1
31,"(7, 2)",land,492,100.0,0.5,0.1
31,"(7, 4)",land,494,100.0,0.5,0.1
31,"(7, 6)",land,499,100.0,0.5,0.1
31,"(7, 8)",land,368,100.0,0.5,0.1
31,"(8, 8)",land,386,100.0,0.5,0.1
31,"(8, 9)",land,471,100.0,0.5,0.1
31,"(9, 1)",land,403,100.0,0.5,0.1
31,"(9, 2)",land,420,100.0,0.5,0.1
32,"(0, 7)",land,383,100.0,0.5,0.1
32,"(1, 4)",land,364,100.0,0.5,0.1
32,"(1, 8)",land,361,100.0,0.5,0.1
32,"(2, 5)",land,445,100.0,0.5,0.1
32,"(3, 2)",land,390,100.0,0.5,0.1
32,"(3, 6)",land,390,100.0,0.5,0.1
32,"(3, 9)",land,409,100.0,0.5,0.1
32,"(4, 0)",land,371,100.0,0.5,0.1
32,"(4, 3)",land,484,100.0,0.5,0.1
32,"(4, 4)",land,404,100.0,0.5,0.1
32,"(4, 9)",land,439,100.0,0.5,0.1
32,"(5, 0)",land,407,100.0,0.5,0.1
32,"(5, 1)",land,429,100.0,0.5,0.1
32,"(5, 6)",land,373,100.0,0.5,0.1
32,"(6, 5)",land,352,100.0,0.5,0.1
32,"(7, 0)",land,472,100.0,0.5,0.1
32,"(7, 2)",land,492,100.0,0.5,0.1
32,"(7, 4)",land,494,100.0,0.5,0.1
32,"(7, 6)",land,499,100.0,0.5,0.1
32,"(7, 8)",land,368,100.0,0.5,0.1
32,"(8, 8)",land,386,100.0,0.5,0.1
32,"(8, 9)",land,471,100.0,0.5,0.1
32,"(9, 1)",land,403,100.0,0.5,0.1
32,"(9, 2)",land,420,100.0,0.5,0.1
33,"(0, 7)",land,383,100.0,0.5,0.1
33,"(1, 4)",land,364,100.0,0.5,0.1
33,"(1, 8)",land,361,100.0,0.5,0.1
33,"(2, 5)",land,445,100.0,0.5,0.1
33,"(3, 2)",land,390,100.0,0.5,0.1
33,"(3, 6)",land,390,100.0,0.5,0.1
33,"(3, 9)",land,409,100.0,0.5,0.1
33,"(4, 0)",land,371,100.0,0.5,0.1
33,"(4, 3)",land,484,100.0,0.5,0.1
33,"(4, 4)",land,404,100.0,0.5,0.1
33,"(4, 9)",land,439,100.0,0.5,0.1
33,"(5, 0)",land,407,100.0,0.5,0.1
33,"(5, 1)",land,429,100.0,0.5,0.1
33,"(5, 6)",land,373,100.0,0.5,0.1
33,"(6, 5)",land,352,100.0,0.5,0.1
33,"(7, 0)",land,472,100.0,0.5,0.1
33,"(7, 2)",land,492,100.0,0.5,0.1
33,"(7, 4)",land,494,100.0,0.5,0.1
33,"(7, 6)",land,499,100.0,0.5,0.1
33,"(7, 8)",land,368,100.0,0.5,0.1
33,"(8, 8)",land,386,100.0,0.5,0.1
33,"(8, 9)",land,471,100.0,0.5,0.1
33,"(9, 1)",land,403,100.0,0.5,0.1
33,"(9, 2)",land,420,100.0,0.5,0.1
34,"(0, 7)",land,383,100.0,0.5,0.1
34,"(1, 4)",land,364,100.0,0.5,0.1
34,"(1, 8)",land,361,100.0,0.5,0.1
34,"(2, 5)",land,445,100.0,0.5,0.1
34,"(3, 2)",land,390,100.0,0.5,0.1
34,"(3, 6)",land,390,100.0,0.5,0.1
34,"(3, 9)",land,409,100.0,0.5,0.1
34,"(4, 0)",land,371,100.0,0.5,0.1
34,"(4, 3)",land,484,100.0,0.5,0.1
34,"(4, 4)",land,404,100.0,0.5,0.1
34,"(4, 9)",land,439,100.0,0.5,0.1
34,"(5, 0)",land,407,100.0,0.5,0.1
34,"(5, 1)",land,429,100.0,0.5,0.1
34,"(5, 6)",land,373,100.0,0.5,0.1
34,"(6, 5)",land,352,100.0,0.5,0.1
34,"(7, 0)",land,472,100.0,0.5,0.1
34,"(7, 2)",land,492,100.0,0.5,0.1
34,"(7, 4)",land,494,100.0,0.5,0.1
34,"(7, 6)",land,499,100.0,0.5,0.1
34,"(7, 8)",land,368,100.0,0.5,0.1
34,"(8, 8)",land,386,100.0,0.5,0.1
34,"(8, 9)",land,471,100.0,0.5,0.1
34,"(9, 1)",land,403,100.0,0.5,0.1
34,"(9, 2)",land,420,100.0,0.5,0.1
35,"(0, 7)",land,383,100.0,0.5,0.1
35,"(1, 4)",land,364,100.0,0.5,0.1
35,"(1, 8)",land,361,100.0,0.5,0.1
35,"(2, 5)",land,445,100.0,0.5,0.1
35,"(3, 2)",land,390,100.0,0.5,0.1
35,"(3, 6)",land,390,100.0,0.5,0.1
35,"(3, 9)",land,409,100.0,0.5,0.1
35,"(4, 0)",land,371,100.0,0.5,0.1
35,"(4, 3)",land,484,100.0,0.5,0.1
35,"(4, 4)",land,404,100.0,0.5,0.1
35,"(4, 9)",land,439,100.0,0.5,0.1
35,"(5, 0)",land,407,100.0,0.5,0.1
35,"(5, 1)",land,429,100.0,0.5,0.1
35,"(5, 6)",land,373,100.0,0.5,0.1
35,"(6, 5)",land,352,100.0,0.5,0.1
35,"(7, 0)",land,472,100.0,0.5,0.1
35,"(7, 2)",land,492,100.0,0.5,0.1
35,"(7, 4)",land,494,100.0,0.5,0.1
35,"(7, 6)",land,499,100.0,0.5,0.1
35,"(7, 8)",land,368,100.0,0.5,0.1
35,"(8, 8)",land,386,100.0,0.5,0.1
35,"(8, 9)",land,471,100.0,0.5,0.1
35,"(9, 1)",land,403,100.0,0.5,0.1
35,"(9, 2)",land,420,100.0,0.5,0.1
36,"(0, 7)",land,383,100.0,0.5,0.1
36,"(1, 4)",land,364,100.0,0.5,0.1
36,"(1, 8)",land,361,100.0,0.5,0.1
36,"(2, 5)",land,445,100.0,0.5,0.1
36,"(3, 2)",land,390,100.0,0.5,0.1
36,"(3, 6)",land,390,100.0,0.5,0.1
36,"(3, 9)",land,409,100.0,0.5,0.1
36,"(4, 0)",land,371,100.0,0.5,0.1
36,"(4, 3)",land,484,100.0,0.5,0.1
36,"(4, 4)",land,404,100.0,0.5,0.1
36,"(4, 9)",land,439,100.0,0.5,0.1
36,"(5, 0)",land,407,100.0,0.5,0.1
36,"(5, 1)",land,429,100.0,0.5,0.1
36,"(5, 6)",land,373,100.0,0.5,0.1
36,"(6, 5)",land,352,100.0,0.5,0.1
36,"(7, 0)",land,472,100.0,0.5,0.1
36,"(7, 2)",land,492,100.0,0.5,0.1
36,"(7, 4)",land,494,100.0,0.5,0.1
36,"(7, 6)",land,499,100.0,0.5,0.1
36,"(7, 8)",land,368,100.0,0.5,0.1
36,"(8, 8)",land,386,100.0,0.5,0.1
36,"(8, 9)",land,471,100.0,0.5,0.1
36,"(9, 1)",land,403,100.0,0.5,0.1
36,"(9, 2)",land,420,100.0,0.5,0.1
37,"(0, 7)",land,383,100.0,0.5,0.1
37,"(1, 4)",land,364,100.0,0.5,0.1
37,"(1, 8)",land,361,100.0,0.5,0.1
37,"(2, 5)",land,445,100.0,0.5,0.1
37,"(3, 2)",land,390,100.0,0.5,0.1
37,"(3, 6)",land,390,100.0,0.5,0.1
37,"(3, 9)",land,409,100.0,0.5,0.1
37,"(4, 0)",land,371,100.0,0.5,0.1
37,"(4, 3)",land,484,100.0,0.5,0.1
37,"(4, 4)",land,404,100.0,0.5,0.1
37,"(4, 9)",land,439,100.0,0.5,0.1
37,"(5, 0)",land,407,100.0,0.5,0.1
37,"(5, 1)",land,429,100.0,0.5,0.1
37,"(5, 6)",land,373,100.0,0.5,0.1
37,"(6, 5)",land,352,100.0,0.5,0.1
37,"(7, 0)",land,472,100.0,0.5,0.1
37,"(7, 2)",land,492,100.0,0.5,0.1
37,"(7, 4)",land,494,100.0,0.5,0.1
37,"(7, 6)",land,499,100.0,0.5,0.1
37,"(7, 8)",land,368,100.0,0.5,0.1
37,"(8, 8)",land,386,100.0,0.5,0.1
37,"(8, 9)",land,471,100.0,0.5,0.1
37,"(9, 1)",land,403,100.0,0.5,0.1
37,"(9, 2)",land,420,100.0,0.5,0.1
38,"(0, 7)",land,383,100.0,0.5,0.1
38,"(1, 4)",land,364,100.0,0.5,0.1
38,"(1, 8)",land,361,100.0,0.5,0.1
38,"(2, 5)",land,445,100.0,0.5,0.1
38,"(3, 2)",land,390,100.0,0.5,0.1
38,"(3, 6)",land,390,100.0,0.5,0.1
38,"(3, 9)",land,409,100.0,0.5,0.1
38,"(4, 0)",land,371,100.0,0.5,0.1
38,"(4, 3)",land,484,100.0,0.5,0.1
38,"(4, 4)",land,404,100.0,0.5,0.1
38,"(4, 9)",land,439,100.0,0.5,0.1
38,"(5, 0)",land,407,100.0,0.5,0.1
38,"(5, 1)",land,429,100.0,0.5,0.1
38,"(5, 6)",land,373,100.0,0.5,0.1
38,"(6, 5)",land,352,100.0,0.5,0.1
38,"(7, 0)",land,472,100.0,0.5,0.1
38,"(7, 2)",land,492,100.0,0.5,0.1
38,"(7, 4)",land,494,100.0,0.5,0.1
38,"(7, 6)",land,499,100.0,0.5,0.1
38,"(7, 8)",land,368,100.0,0.5,0.1
38,"(8, 8)",land,386,100.0,0.5,0.1
38,"(8, 9)",land,471,100.0,0.5,0.1
38,"(9, 1)",land,403,100.0,0.5,0.1
38,"(9, 2)",land,420,100.0,0.5,0.1
39,"(0, 7)",land,383,100.0,0.5,0.1
39,"(1, 4)",land,364,100.0,0.5,0.1
39,"(1, 8)",land,361,100.0,0.5,0.1
39,"(2, 5)",land,445,100.0,0.5,0.1
39,"(3, 2)",land,390,100.0,0.5,0.1
39,"(3, 6)",land,390,100.0,0.5,0.1
39,"(3, 9)",land,409,100.0,0.5,0.1
39,"(4, 0)",land,371,100.0,0.5,0.1
39,"(4, 3)",land,484,100.0,0.5,0.1
39,"(4, 4)",land,404,100.0,0.5,0.1
39,"(4, 9)",land,439,100.0,0.5,0.1
39,"(5, 0)",land,407,100.0,0.5,0.1
39,"(5, 1)",land,429,100.0,0.5,0.1
39,"(5, 6)",land,373,100.0,0.5,0.1
39,"(6, 5)",land,352,100.0,0.5,0.1
39,"(7, 0)",land,472,100.0,0.5,0.1
39,"(7, 2)",land,492,100.0,0.5,0.1
39,"(7, 4)",land,494,100.0,0.5,0.1
39,"(7, 6)",land,499,100.0,0.5,0.1
39,"(7, 8)",land,368,100.0,0.5,0.1
39,"(8, 8)",land,386,100.0,0.5,0.1
39,"(8, 9)",land,471,100.0,0.5,0.1
39,"(9, 1)",land,403,100.0,0.5,0.1
39,"(9, 2)",land,420,100.0,0.5,0.1
40,"(0, 7)",land,383,100.0,0.5,0.1
40,"(1, 4)",land,364,100.0,0.5,0.1
40,"(1, 8)",land,361,100.0,0.5,0.1
40,"(2, 5)",land,445,100.0,0.5,0.1
40,"(3, 2)",land,390,100.0,0.5,0.1
40,"(3, 6)",land,390,100.0,0.5,0.1
40,"(3, 9)",land,409,100.0,0.5,0.1
40,"(4, 0)",land,371,100.0,0.5,0.1
40,"(4, 3)",land,484,100.0,0.5,0.1
40,"(4, 4)",land,404,100.0,0.5,0.1
40,"(4, 9)",land,439,100.0,0.5,0.1
40,"(5, 0)",land,407,100.0,0.5,0.1
40,"(5, 1)",land,429,100.0,0.5,0.1
40,"(5, 6)",land,373,100.0,0.5,0.1
40,"(6, 5)",land,352,100.0,0.5,0.1
40,"(7, 0)",land,472,100.0,0.5,0.1
40,"(7, 2)",land,492,100.0,0.5,0.1
40,"(7, 4)",land,494,100.0,0.5,0.1
40,"(7, 6)",land,499,100.0,0.5,0.1
40,"(7, 8)",land,368,100.0,0.5,0.1
40,"(8, 8)",land,386,100.0,0.5,0.1
40,"(8, 9)",land,471,100.0,0.5,0.1
40,"(9, 1)",land,403,100.0,0.5,0.1
40,"(9, 2)",land,420,100.0,0.5,0.1
41,"(0, 7)",land,383,100.0,0.5,0.1
41,"(1, 4)",land,364,100.0,0.5,0.1
41,"(1, 8)",land,361,100.0,0.5,0.1
41,"(2, 5)",land,445,100.0,0.5,0.1
41,"(3, 2)",land,390,100.0,0.5,0.1
41,"(3, 6)",land,390,100.0,0.5,0.1
41,"(3, 9)",land,409,100.0,0.5,0.1
41,"(4, 0)",land,371,100.0,0.5,0.1
41,"(4, 3)",land,484,100.0,0.5,0.1
41,"(4, 4)",land,404,100.0,0.5,0.1
41,"(4, 9)",land,439,100.0,0.5,0.1
41,"(5, 0)",land,407,100.0,0.5,0.1
41,"(5, 1)",land,429,100.0,0.5,0.1
41,"(5, 6)",land,373,100.0,0.5,0.1
41,"(6, 5)",land,352,100.0,0.5,0.1
41,"(7, 0)",land,472,100.0,0.5,0.1
41,"(7, 2)",land,492,100.0,0.5,0.1
41,"(7, 4)",land,494,100.0,0.5,0.1
41,"(7, 6)",land,499,100.0,0.5,0.1
41,"(7, 8)",land,368,100.0,0.5,0.1
41,"(8, 8)",land,386,100.0,0.5,0.1
41,"(8, 9)",land,471,100.0,0.5,0.1
41,"(9, 1)",land,403,100.0,0.5,0.1
41,"(9, 2)",land,420,100.0,0.5,0.1
42,"(0, 7)",land,383,100.0,0.5,0.1
42,"(1, 4)",land,364,100.0,0.5,0.1
42,"(1, 8)",land,361,100.0,0.5,0.1
42,"(2, 5)",land,445,100.0,0.5,0.1
42,"(3, 2)",land,390,100.0,0.5,0.1
42,"(3, 6)",land,390,100.0,0.5,0.1
42,"(3, 9)",land,409,100.0,0.5,0.1
42,"(4, 0)",land,371,100.0,0.5,0.1
42,"(4, 3)",land,484,100.0,0.5,0.1
42,"(4, 4)",land,404,100.0,0.5,0.1
42,"(4, 9)",land,439,100.0,0.5,0.1
42,"(5, 0)",land,407,100.0,0.5,0.1
42,"(5, 1)",land,429,100.0,0.5,0.1
42,"(5, 6)",land,373,100.0,0.5,0.1
42,"(6, 5)",land,352,100.0,0.5,0.1
42,"(7, 0)",land,472,100.0,0.5,0.1
42,"(7, 2)",land,492,100.0,0.5,0.1
42,"(7, 4)",land,494,100.0,0.5,0.1
42,"(7, 6)",land,499,100.0,0.5,0.1
42,"(7, 8)",land,368,100.0,0.5,0.1
42,"(8, 8)",land,386,100.0,0.5,0.1
42,"(8, 9)",land,471,100.0,0.5,0.1
42,"(9, 1)",land,403,100.0,0.5,0.1
42,"(9, 2)",land,420,100.0,0.5,0.1
43,"(0, 7)",land,383,100.0,0.5,0.1
43,"(1, 4)",land,364,100.0,0.5,0.1
43,"(1, 8)",land,361,100.0,0.5,0.1
43,"(2, 5)",land,445,100.0,0.5,0.1
43,"(3, 2)",land,390,100.0,0.5,0.1
43,"(3, 6)",land,390,100.0,0.5,0.1
43,"(3, 9)",land,409,100.0,0.5,0.1
43,"(4, 0)",land,371,100.0,0.5,0.1
43,"(4, 3)",land,484,100.0,0.5,0.1
43,"(4, 4)",land,404,100.0,0.5,0.1
43,"(4, 9)",land,439,100.0,0.5,0.1
43,"(5, 0)",land,407,100.0,0.5,0.1
43,"(5, 1)",land,429,100.0,0.5,0.1
43,"(5, 6)",land,373,100.0,0.5,0.1
43,"(6, 5)",land,352,100.0,0.5,0.1
43,"(7, 0)",land,472,100.0,0.5,0.1
43,"(7, 2)",land,492,100.0,0.5,0.1
43,"(7, 4)",land,494,100.0,0.5,0.1
43,"(7, 6)",land,499,100.0,0.5,0.1
43,"(7, 8)",land,368,100.0,0.5,0.1
43,"(8, 8)",land,386,100.0,0.5,0.1
43,"(8, 9)",land,471,100.0,0.5,0.1
43,"(9, 1)",land,403,100.0,0.5,0.1
43,"(9, 2)",land,420,100.0,0.5,0.1
44,"(0, 7)",land,383,100.0,0.5,0.1
44,"(1, 4)",land,364,100.0,0.5,0.1
44,"(1, 8)",land,361,100.0,0.5,0.1
44,"(2, 5)",land,445,100.0,0.5,0.1
44,"(3, 2)",land,390,100.0,0.5,0.1
44,"(3, 6)",land,390,100.0,0.5,0.1
44,"(3, 9)",land,409,100.0,0.5,0.1
44,"(4, 0)",land,371,100.0,0.5,0.1
44,"(4, 3)",land,484,100.0,0.5,0.1
44,"(4, 4)",land,404,100.0,0.5,0.1
44,"(4, 9)",land,439,100.0,0.5,0.1
44,"(5, 0)",land,407,100.0,0.5,0.1
44,"(5, 1)",land,429,100.0,0.5,0.1
44,"(5, 6)",land,373,100.0,0.5,0.1
44,"(6, 5)",land,352,100.0,0.5,0.1
44,"(7, 0)",land,472,100.0,0.5,0.1
44,"(7, 2)",land,492,100.0,0.5,0.1
44,"(7, 4)",land,494,100.0,0.5,0.1
44,"(7, 6)",land,499,100.0,0.5,0.1
44,"(7, 8)",land,368,100.0,0.5,0.1
44,"(8, 8)",land,386,100.0,0.5,0.1
44,"(8, 9)",land,471,100.0,0.5,0.1
44,"(9, 1)",land,403,100.0,0.5,0.1
44,"(9, 2)",land,420,100.0,0.5,0.1
45,"(0, 7)",land,383,100.0,0.5,0.1
45,"(1, 4)",land,364,100.0,0.5,0.1
45,"(1, 8)",land,361,100.0,0.5,0.1
45,"(2, 5)",land,445,100.0,0.5,0.1
45,"(3, 2)",land,390,100.0,0.5,0.1
45,"(3, 6)",land,390,100.0,0.5,0.1
45,"(3, 9)",land,409,100.0,0.5,0.1
45,"(4, 0)",land,371,100.0,0.5,0.1
45,"(4, 3)",land,484,100.0,0.5,0.1
45,"(4, 4)",land,404,100.0,0.5,0.1
45,"(4, 9)",land,439,100.0,0.5,0.1
45,"(5, 0)",land,407,100.0,0.5,0.1
45,"(5, 1)",land,429,100.0,0.5,0.1
45,"(5, 6)",land,373,100.0,0.5,0.1
45,"(6, 5)",land,352,100.0,0.5,0.1
45,"(7, 0)",land,472,100.0,0.5,0.1
45,"(7, 2)",land,492,100.0,0.5,0.1
45,"(7, 4)",land,494,100.0,0.5,0.1
45,"(7, 6)",land,499,100.0,0.5,0.1
45,"(7, 8)",land,368,100.0,0.5,0.1
45,"(8, 8)",land,386,100.0,0.5,0.1
45,"(8, 9)",land,471,100.0,0.5,0.1
45,"(9, 1)",land,403,100.0,0.5,0.1
45,"(9, 2)",land,420,100.0,0.5,0.1
46,"(0, 7)",land,383,100.0,0.5,0.1
46,"(1, 4)",land,364,100.0,0.5,0.1
46,"(1, 8)",land,361,100.0,0.5,0.1
46,"(2, 5)",land,445,100.0,0.5,0.1
46,"(3, 2)",land,390,100.0,0.5,0.1
46,"(3, 6)",land,390,100.0,0.5,0.1
46,"(3, 9)",land,409,100.0,0.5,0.1
46,"(4, 0)",land,371,100.0,0.5,0.1
46,"(4, 3)",land,484,100.0,0.5,0.1
46,"(4, 4)",land,404,100.0,0.5,0.1
46,"(4, 9)",land,439,100.0,0.5,0.1
46,"(5, 0)",land,407,100.0,0.5,0.1
46,"(5, 1)",land,429,100.0,0.5,0.1
46,"(5, 6)",land,373,100.0,0.5,0.1
46,"(6, 5)",land,352,100.0,0.5,0.1
46,"(7, 0)",land,472,100.0,0.5,0.1
46,"(7, 2)",land,492,100.0,0.5,0.1
46,"(7, 4)",land,494,100.0,0.5,0.1
46,"(7, 6)",land,499,100.0,0.5,0.1
46,"(7, 8)",land,368,100.0,0.5,0.1
46,"(8, 8)",land,386,100.0,0.5,0.1
46,"(8, 9)",land,471,100.0,0.5,0.1
46,"(9, 1)",land,403,100.0,0.5,0.1
46,"(9, 2)",land,420,100.0,0.5,0.1
47,"(0, 7)",land,383,100.0,0.5,0.1
47,"(1, 4)",land,364,100.0,0.5,0.1
47,"(1, 8)",land,361,100.0,0.5,0.1
47,"(2, 5)",land,445,100.0,0.5,0.1
47,"(3, 2)",land,390,100.0,0.5,0.1
47,"(3, 6)",land,390,100.0,0.5,0.1
47,"(3, 9)",land,409,100.0,0.5,0.1
47,"(4, 0)",land,371,100.0,0.5,0.1
47,"(4, 3)",land,484,100.0,0.5,0.1
47,"(4, 4)",land,404,100.0,0.5,0.1
47,"(4, 9)",land,439,100.0,0.5,0.1
47,"(5, 0)",land,407,100.0,0.5,0.1
47,"(5, 1)",land,429,100.0,0.5,0.1
47,"(5, 6)",land,373,100.0,0.5,0.1
47,"(6, 5)",land,352,100.0,0.5,0.1
47,"(7, 0)",land,472,100.0,0.5,0.1
47,"(7, 2)",land,492,100.0,0.5,0.1
47,"(7, 4)",land,494,100.0,0.5,0.1
47,"(7, 6)",land,499,100.0,0.5,0.1
47,"(7, 8)",land,368,100.0,0.5,0.1
47,"(8, 8)",land,386,100.0,0.5,0.1
47,"(8, 9)",land,471,100.0,0.5,0.1
47,"(9, 1)",land,403,100.0,0.5,0.1
47,"(9, 2)",land,420,100.0,0.5,0.1
48,"(0, 7)",land,383,100.0,0.5,0.1
48,"(1, 4)",land,364,100.0,0.5,0.1
48,"(1, 8)",land,361,100.0,0.5,0.1
48,"(2, 5)",land,445,100.0,0.5,0.1
48,"(3, 2)",land,390,100.0,0.5,0.1
48,"(3, 6)",land,390,100.0,0.5,0.1
48,"(3, 9)",land,409,100.0,0.5,0.1
48,"(4, 0)",land,371,100.0,0.5,0.1
48,"(4, 3)",land,484,100.0,0.5,0.1
48,"(4, 4)",land,404,100.0,0.5,0.1
48,"(4, 9)",land,439,100.0,0.5,0.1
48,"(5, 0)",land,407,100.0,0.5,0.1
48,"(5, 1)",land,429,100.0,0.5,0.1
48,"(5, 6)",land,373,100.0,0.5,0.1
48,"(6, 5)",land,352,100.0,0.5,0.1
48,"(7, 0)",land,472,100.0,0.5,0.1
48,"(7, 2)",land,492,100.0,0.5,0.1
48,"(7, 4)",land,494,100.0,0.5,0.1
48,"(7, 6)",land,499,100.0,0.5,0.1
48,"(7, 8)",land,368,100.0,0.5,0.1
48,"(8, 8)",land,386,100.0,0.5,0.1
48,"(8, 9)",land,471,100.0,0.5,0.1
48,"(9, 1)",land,403,100.0,0.5,0.1
48,"(9, 2)",land,420,100.0,0.5,0.1
49,"(0, 7)",land,383,100.0,0.5,0.1
49,"(1, 4)",land,364,100.0,0.5,0.1
49,"(1, 8)",land,361,100.0,0.5,0.1
49,"(2, 5)",land,445,100.0,0.5,0.1
49,"(3, 2)",land,390,100.0,0.5,0.1
49,"(3, 6)",land,390,100.0,0.5,0.1
49,"(3, 9)",land,409,100.0,0.5,0.1
49,"(4, 0)",land,371,100.0,0.5,0.1
49,"(4, 3)",land,484,100.0,0.5,0.1
49,"(4, 4)",land,404,100.0,0.5,0.1
49,"(4, 9)",land,439,100.0,0.5,0.1
49,"(5, 0)",land,407,100.0,0.5,0.1
49,"(5, 1)",land,429,100.0,0.5,0.1
49,"(5, 6)",land,373,100.0,0.5,0.1
49,"(6, 5)",land,352,100.0,0.5,0.1
49,"(7, 0)",land,472,100.0,0.5,0.1
49,"(7, 2)",land,492,100.0,0.5,0.1
49,"(7, 4)",land,494,100.0,0.5,0.1
49,"(7, 6)",land,499,100.0,0.5,0.1
49,"(7, 8)",land,368,100.0,0.5,0.1
49,"(8, 8)",land,386,100.0,0.5,0.1
49,"(8, 9)",land,471,100.0,0.5,0.1
49,"(9, 1)",land,403,100.0,0.5,0.1
49,"(9, 2)",land,420,100.0,0.5,0.1
50,"(0, 7)",land,383,100.0,0.5,0.1
50,"(1, 4)",land,364,100.0,0.5,0.1
50,"(1, 8)",land,361,100.0,0.5,0.1
50,"(2, 5)",land,445,100.0,0.5,0.1
50,"(3, 2)",land,390,100.0,0.5,0.1
50,"(3, 6)",land,390,100.0,0.5,0.1
50,"(3, 9)",land,409,100.0,0.5,0.1
50,"(4, 0)",land,371,100.0,0.5,0.1
50,"(4, 3)",land,484,100.0,0.5,0.1
50,"(4, 4)",land,404,100.0,0.5,0.1
50,"(4, 9)",land,439,100.0,0.5,0.1
50,"(5, 0)",land,407,100.0,0.5,0.1
50,"(5, 1)",land,429,100.0,0.5,0.1
50,"(5, 6)",land,373,100.0,0.5,0.1
50,"(6, 5)",land,352,100.0,0.5,0.1
50,"(7, 0)",land,472,100.0,0.5,0.1
50,"(7, 2)",land,492,100.0,0.5,0.1
50,"(7, 4)",land,494,100.0,0.5,0.1
50,"(7, 6)",land,499,100.0,0.5,0.1
50,"(7, 8)",land,368,100.0,0.5,0.1
50,"(8, 8)",land,386,100.0,0.5,0.1
50,"(8, 9)",land,471,100.0,0.5,0.1
50,"(9, 1)",land,403,100.0,0.5,0.1
50,"(9, 2)",land,420,100.0,0.5,0.1
51,"(0, 7)",land,383,100.0,0.5,0.1
51,"(1, 4)",land,364,100.0,0.5,0.1
51,"(1, 8)",land,361,100.0,0.5,0.1
51,"(2, 5)",land,445,100.0,0.5,0.1
51,"(3, 2)",land,390,100.0,0.5,0.1
51,"(3, 6)",land,390,100.0,0.5,0.1
51,"(3, 9)",land,409,100.0,0.5,0.1
51,"(4, 0)",land,371,100.0,0.5,0.1
51,"(4, 3)",land,484,100.0,0.5,0.1
51,"(4, 4)",land,404,100.0,0.5,0.1
51,"(4, 9)",land,439,100.0,0.5,0.1
51,"(5, 0)",land,407,100.0,0.5,0.1
51,"(5, 1)",land,429,100.0,0.5,0.1
51,"(5, 6)",land,373,100.0,0.5,0.1
51,"(6, 5)",land,352,100.0,0.5,0.1
51,"(7, 0)",land,472,100.0,0.5,0.1
51,"(7, 2)",land,492,100.0,0.5,0.1
51,"(7, 4)",land,494,100.0,0.5,0.1
51,"(7, 6)",land,499,100.0,0.5,0.1
51,"(7, 8)",land,368,100.0,0.5,0.1
51,"(8, 8)",land,386,100.0,0.5,0.1
51,"(8, 9)",land,471,100.0,0.5,0.1
51,"(9, 1)",land,403,100.0,0.5,0.1
51,"(9, 2)",land,420,100.0,0.5,0.1
52,"(0, 7)",land,383,100.0,0.5,0.1
52,"(1, 4)",land,364,100.0,0.5,0.1
52,"(1, 8)",land,361,100.0,0.5,0.1
52,"(2, 5)",land,445,100.0,0.5,0.1
52,"(3, 2)",land,390,100.0,0.5,0.1
52,"(3, 6)",land,390,100.0,0.5,0.1
52,"(3, 9)",land,409,100.0,0.5,0.1
52,"(4, 0)",land,371,100.0,0.5,0.1
52,"(4, 3)",land,484,100.0,0.5,0.1
52,"(4, 4)",land,404,100.0,0.5,0.1
52,"(4, 9)",land,439,100.0,0.5,0.1
52,"(5, 0)",land,407,100.0,0.5,0.1
52,"(5, 1)",land,429,100.0,0.5,0.1
52,"(5, 6)",land,373,100.0,0.5,0.1
52,"(6, 5)",land,352,100.0,0.5,0.1
52,"(7, 0)",land,472,100.0,0.5,0.1
52,"(7, 2)",land,492,100.0,0.5,0.1
52,"(7, 4)",land,494,100.0,0.5,0.1
52,"(7, 6)",land,499,100.0,0.5,0.1
52,"(7, 8)",land,368,100.0,0.5,0.1
52,"(8, 8)",land,386,100.0,0.5,0.1
52,"(8, 9)",land,471,100.0,0.5,0.1
52,"(9, 1)",land,403,100.0,0.5,0.1
52,"(9, 2)",land,420,100.0,0.5,0.1
53,"(0, 7)",land,383,100.0,0.5,0.1
53,"(1, 4)",land,364,100.0,0.5,0.1
53,"(1, 8)",land,361,100.0,0.5,0.1
53,"(2, 5)",land,445,100.0,0.5,0.1
53,"(3, 2)",land,390,100.0,0.5,0.1
53,"(3, 6)",land,390,100.0,0.5,0.1
53,"(3, 9)",land,409,100.0,0.5,0.1
53,"(4, 0)",land,371,100.0,0.5,0.1
53,"(4, 3)",land,484,100.0,0.5,0.1
53,"(4, 4)",land,404,100.0,0.5,0.1
53,"(4, 9)",land,439,100.0,0.5,0.1
53,"(5, 0)",land,407,100.0,0.5,0.1
53,"(5, 1)",land,429,100.0,0.5,0.1
53,"(5, 6)",land,373,100.0,0.5,0.1
53,"(6, 5)",land,352,100.0,0.5,0.1
53,"(7, 0)",land,472,100.0,0.5,0.1
53,"(7, 2)",land,492,100.0,0.5,0.1
53,"(7, 4)",land,494,100.0,0.5,0.1
53,"(7, 6)",land,499,100.0,0.5,0.1
53,"(7, 8)",land,368,100.0,0.5,0.1
53,"(8, 8)",land,386,100.0,0.5,0.1
53,"(8, 9)",land,471,100.0,0.5,0.1
53,"(9, 1)",land,403,100.0,0.5,0.1
53,"(9, 2)",land,420,100.0,0.5,0.1
54,"(0, 7)",land,383,100.0,0.5,0.1
54,"(1, 4)",land,364,100.0,0.5,0.1
54,"(1, 8)",land,361,100.0,0.5,0.1
54,"(2, 5)",land,445,100.0,0.5,0.1
54,"(3, 2)",land,390,100.0,0.5,0.1
54,"(3, 6)",land,390,100.0,0.5,0.1
54,"(3, 9)",land,409,100.0,0.5,0.1
54,"(4, 0)",land,371,100.0,0.5,0.1
54,"(4, 3)",land,484,100.0,0.5,0.1
54,"(4, 4)",land,404,100.0,0.5,0.1
54,"(4, 9)",land,439,100.0,0.5,0.1
54,"(5, 0)",land,407,100.0,0.5,0.1
54,"(5, 1)",land,429,100.0,0.5,0.1
54,"(5, 6)",land,373,100.0,0.5,0.1
54,"(6, 5)",land,352,100.0,0.5,0.1
54,"(7, 0)",land,472,100.0,0.5,0.1
54,"(7, 2)",land,492,100.0,0.5,0.1
54,"(7, 4)",land,494,100.0,0.5,0.1
54,"(7, 6)",land,499,100.0,0.5,0.1
54,"(7, 8)",land,368,100.0,0.5,0.1
54,"(8, 8)",land,386,100.0,0.5,0.1
54,"(8, 9)",land,471,100.0,0.5,0.1
54,"(9, 1)",land,403,100.0,0.5,0.1
54,"(9, 2)",land,420,100.0,0.5,0.1
55,"(0, 7)",land,383,100.0,0.5,0.1
55,"(1, 4)",land,364,100.0,0.5,0.1
55,"(1, 8)",land,361,100.0,0.5,0.1
55,"(2, 5)",land,445,100.0,0.5,0.1
55,"(3, 2)",land,390,100.0,0.5,0.1
55,"(3, 6)",land,390,100.0,0.5,0.1
55,"(3, 9)",land,409,100.0,0.5,0.1
55,"(4, 0)",land,371,100.0,0.5,0.1
55,"(4, 3)",land,484,100.0,0.5,0.1
55,"(4, 4)",land,404,100.0,0.5,0.1
55,"(4, 9)",land,439,100.0,0.5,0.1
55,"(5, 0)",land,407,100.0,0.5,0.1
55,"(5, 1)",land,429,100.0,0.5,0.1
55,"(5, 6)",land,373,100.0,0.5,0.1
55,"(6, 5)",land,352,100.0,0.5,0.1
55,"(7, 0)",land,472,100.0,0.5,0.1
55,"(7, 2)",land,492,100.0,0.5,0.1
55,"(7, 4)",land,494,100.0,0.5,0.1
55,"(7, 6)",land,499,100.0,0.5,0.1
55,"(7, 8)",land,368,100.0,0.5,0.1
55,"(8, 8)",land,386,100.0,0.5,0.1
55,"(8, 9)",land,471,100.0,0.5,0.1
55,"(9, 1)",land,403,100.0,0.5,0.1
55,"(9, 2)",land,420,100.0,0.5,0.1
56,"(0, 7)",land,383,100.0,0.5,0.1
56,"(1, 4)",land,364,100.0,0.5,0.1
56,"(1, 8)",land,361,100.0,0.5,0.1
56,"(2, 5)",land,445,100.0,0.5,0.1
56,"(3, 2)",land,390,100.0,0.5,0.1
56,"(3, 6)",land,390,100.0,0.5,0.1
56,"(3, 9)",land,409,100.0,0.5,0.1
56,"(4, 0)",land,371,100.0,0.5,0.1
56,"(4, 3)",land,484,100.0,0.5,0.1
56,"(4, 4)",land,404,100.0,0.5,0.1
56,"(4, 9)",land,439,100.0,0.5,0.1
56,"(5, 0)",land,407,100.0,0.5,0.1
56,"(5, 1)",land,429,100.0,0.5,0.1
56,"(5, 6)",land,373,100.0,0.5,0.1
56,"(6, 5)",land,352,100.0,0.5,0.1
56,"(7, 0)",land,472,100.0,0.5,0.1
56,"(7, 2)",land,492,100.0,0.5,0.1
56,"(7, 4)",land,494,100.0,0.5,0.1
56,"(7, 6)",land,499,100.0,0.5,0.1
56,"(7, 8)",land,368,100.0,0.5,0.1
56,"(8, 8)",land,386,100.0,0.5,0.1
56,"(8, 9)",land,471,100.0,0.5,0.1
56,"(9, 1)",land,403,100.0,0.5,0.1
56,"(9, 2)",land,420,100.0,0.5,0.1
57,"(0, 7)",land,383,100.0,0.5,0.1
57,"(1, 4)",land,364,100.0,0.5,0.1
57,"(1, 8)",land,361,100.0,0.5,0.1
57,"(2, 5)",land,445,100.0,0.5,0.1
57,"(3, 2)",land,390,100.0,0.5,0.1
57,"(3, 6)",land,390,100.0,0.5,0.1
57,"(3, 9)",land,409,100.0,0.5,0.1
57,"(4, 0)",land,371,100.0,0.5,0.1
57,"(4, 3)",land,484,100.0,0.5,0.1
57,"(4, 4)",land,404,100.0,0.5,0.1
57,"(4, 9)",land,439,100.0,0.5,0.1
57,"(5, 0)",land,407,100.0,0.5,0.1
57,"(5, 1)",land,429,100.0,0.5,0.1
57,"(5, 6)",land,373,100.0,0.5,0.1
57,"(6, 5)",land,352,100.0,0.5,0.1
57,"(7, 0)",land,472,100.0,0.5,0.1
57,"(7, 2)",land,492,100.0,0.5,0.1
57,"(7, 4)",land,494,100.0,0.5,0.1
57,"(7, 6)",land,499,100.0,0.5,0.1
57,"(7, 8)",land,368,100.0,0.5,0.1
57,"(8, 8)",land,386,100.0,0.5,0.1
57,"(8, 9)",land,471,100.0,0.5,0.1
57,"(9, 1)",land,403,100.0,0.5,0.1
57,"(9, 2)",land,420,100.0,0.5,0.1
58,"(0, 7)",land,383,100.0,0.5,0.1
58,"(1, 4)",land,364,100.0,0.5,0.1
58,"(1, 8)",land,361,100.0,0.5,0.1
58,"(2, 5)",land,445,100.0,0.5,0.1
58,"(3, 2)",land,390,100.0,0.5,0.1
58,"(3, 6)",land,390,100.0,0.5,0.1
58,"(3, 9)",land,409,100.0,0.5,0.1
58,"(4, 0)",land,371,100.0,0.5,0.1
58,"(4, 3)",land,484,100.0,0.5,0.1
58,"(4, 4)",land,404,100.0,0.5,0.1
58,"(4, 9)",land,439,100.0,0.5,0.1
58,"(5, 0)",land,407,100.0,0.5,0.1
58,"(5, 1)",land,429,100.0,0.5,0.1
58,"(5, 6)",land,373,100.0,0.5,0.1
58,"(6, 5)",land,352,100.0,0.5,0.1
58,"(7, 0)",land,472,100.0,0.5,0.1
58,"(7, 2)",land,492,100.0,0.5,0.1
58,"(7, 4)",land,494,100.0,0.5,0.1
58,"(7, 6)",land,499,100.0,0.5,0.1
58,"(7, 8)",land,368,100.0,0.5,0.1
58,"(8, 8)",land,386,100.0,0.5,0.1
58,"(8, 9)",land,471,100.0,0.5,0.1
58,"(9, 1)",land,403,100.0,0.5,0.1
58,"(9, 2)",land,420,100.0,0.5,0.1
59,"(0, 7)",land,383,100.0,0.5,0.1
59,"(1, 4)",land,364,100.0,0.5,0.1
59,"(1, 8)",land,361,100.0,0.5,0.1
59,"(2, 5)",land,445,100.0,0.5,0.1
59,"(3, 2)",land,390,100.0,0.5,0.1
59,"(3, 6)",land,390,100.0,0.5,0.1
59,"(3, 9)",land,409,100.0,0.5,0.1
59,"(4, 0)",land,371,100.0,0.5,0.1
59,"(4, 3)",land,484,100.0,0.5,0.1
59,"(4, 4)",land,404,100.0,0.5,0.1
59,"(4, 9)",land,439,100.0,0.5,0.1
59,"(5, 0)",land,407,100.0,0.5,0.1
59,"(5, 1)",land,429,100.0,0.5,0.1
59,"(5, 6)",land,373,100.0,0.5,0.1
59,"(6, 5)",land,352,100.0,0.5,0.1
59,"(7, 0)",land,472,100.0,0.5,0.1
59,"(7, 2)",land,492,100.0,0.5,0.1
59,"(7, 4)",land,494,100.0,0.5,0.1
59,"(7, 6)",land,499,100.0,0.5,0.1
59,"(7, 8)",land,368,100.0,0.5,0.1
59,"(8, 8)",land,386,100.0,0.5,0.1
59,"(8, 9)",land,471,100.0,0.5,0.1
59,"(9, 1)",land,403,100.0,0.5,0.1
59,"(9, 2)",land,420,100.0,0.5,0.1
60,"(0, 7)",land,383,100.0,0.5,0.1
60,"(1, 4)",land,364,100.0,0.5,0.1
60,"(1, 8)",land,361,100.0,0.5,0.1
60,"(2, 5)",land,445,100.0,0.5,0.1
60,"(3, 2)",land,390,100.0,0.5,0.1
60,"(3, 6)",land,390,100.0,0.5,0.1
60,"(3, 9)",land,409,100.0,0.5,0.1
60,"(4, 0)",land,371,100.0,0.5,0.1
60,"(4, 3)",land,484,100.0,0.5,0.1
60,"(4, 4)",land,404,100.0,0.5,0.1
60,"(4, 9)",land,439,100.0,0.5,0.1
60,"(5, 0)",land,407,100.0,0.5,0.1
60,"(5, 1)",land,429,100.0,0.5,0.1
60,"(5, 6)",land,373,100.0,0.5,0.1
60,"(6, 5)",land,352,100.0,0.5,0.1
60,"(7, 0)",land,472,100.0,0.5,0.1
60,"(7, 2)",land,492,100.0,0.5,0.1
60,"(7, 4)",land,494,100.0,0.5,0.1
60,"(7, 6)",land,499,100.0,0.5,0.1
60,"(7, 8)",land,368,100.0,0.5,0.1
60,"(8, 8)",land,386,100.0,0.5,0.1
60,"(8, 9)",land,471,100.0,0.5,0.1
60,"(9, 1)",land,403,100.0,0.5,0.1
60,"(9, 2)",land,420,100.0,0.5,0.1
61,"(0, 7)",land,383,100.0,0.5,0.1
61,"(1, 4)",land,364,100.0,0.5,0.1
61,"(1, 8)",land,361,100.0,0.5,0.1
61,"(2, 5)",land,445,100.0,0.5,0.1
61,"(3, 2)",land,390,100.0,0.5,0.1
61,"(3, 6)",land,390,100.0,0.5,0.1
61,"(3, 9)",land,409,100.0,0.5,0.1
61,"(4, 0)",land,371,100.0,0.5,0.1
61,"(4, 3)",land,484,100.0,0.5,0.1
61,"(4, 4)",land,404,100.0,0.5,0.1
61,"(4, 9)",land,439,100.0,0.5,0.1
61,"(5, 0)",land,407,100.0,0.5,0.1
61,"(5, 1)",land,429,100.0,0.5,0.1
61,"(5, 6)",land,373,100.0,0.5,0.1
61,"(6, 5)",land,352,100.0,0.5,0.1
61,"(7, 0)",land,472,100.0,0.5,0.1
61,"(7, 2)",land,492,100.0,0.5,0.1
61,"(7, 4)",land,494,100.0,0.5,0.1
61,"(7, 6)",land,499,100.0,0.5,0.1
61,"(7, 8)",land,368,100.0,0.5,0.1
61,"(8, 8)",land,386,100.0,0.5,0.1
61,"(8, 9)",land,471,100.0,0.5,0.1
61,"(9, 1)",land,403,100.0,0.5,0.1
61,"(9, 2)",land,420,100.0,0.5,0.1
62,"(0, 7)",land,383,100.0,0.5,0.1
62,"(1, 4)",land,364,100.0,0.5,0.1
62,"(1, 8)",land,361,100.0,0.5,0.1
62,"(2, 5)",land,445,100.0,0.5,0.1
62,"(3, 2)",land,390,100.0,0.5,0.1
62,"(3, 6)",land,390,100.0,0.5,0.1
62,"(3, 9)",land,409,100.0,0.5,0.1
62,"(4, 0)",land,371,100.0,0.5,0.1
62,"(4, 3)",land,484,100.0,0.5,0.1
62,"(4, 4)",land,404,100.0,0.5,0.1
62,"(4, 9)",land,439,100.0,0.5,0.1
62,"(5, 0)",land,407,100.0,0.5,0.1
62,"(5, 1)",land,429,100.0,0.5,0.1
62,"(5, 6)",land,373,100.0,0.5,0.1
62,"(6, 5)",land,352,100.0,0.5,0.1
62,"(7, 0)",land,472,100.0,0.5,0.1
62,"(7, 2)",land,492,100.0,0.5,0.1
62,"(7, 4)",land,494,100.0,0.5,0.1
62,"(7, 6)",land,499,100.0,0.5,0.1
62,"(7, 8)",land,368,100.0,0.5,0.1
62,"(8, 8)",land,386,100.0,0.5,0.1
62,"(8, 9)",land,471,100.0,0.5,0.1
62,"(9, 1)",land,403,100.0,0.5,0.1
62,"(9, 2)",land,420,100.0,0.5,0.1
63,"(0, 7)",land,383,100.0,0.5,0.1
63,"(1, 4)",land,364,100.0,0.5,0.1
63,"(1, 8)",land,361,100.0,0.5,0.1
63,"(2, 5)",land,445,100.0,0.5,0.1
63,"(3, 2)",land,390,100.0,0.5,0.1
63,"(3, 6)",land,390,100.0,0.5,0.1
63,"(3, 9)",land,409,100.0,0.5,0.1
63,"(4, 0)",land,371,100.0,0.5,0.1
63,"(4, 3)",land,484,100.0,0.5,0.1
63,"(4, 4)",land,404,100.0,0.5,0.1
63,"(4, 9)",land,439,100.0,0.5,0.1
63,"(5, 0)",land,407,100.0,0.5,0.1
63,"(5, 1)",land,429,100.0,0.5,0.1
63,"(5, 6)",land,373,100.0,0.5,0.1
63,"(6, 5)",land,352,100.0,0.5,0.1
63,"(7, 0)",land,472,100.0,0.5,0.1
63,"(7, 2)",land,492,100.0,0.5,0.1
63,"(7, 4)",land,494,100.0,0.5,0.1
63,"(7, 6)",land,499,100.0,0.5,0.1
63,"(7, 8)",land,368,100.0,0.5,0.1
63,"(8, 8)",land,386,100.0,0.5,0.1
63,"(8, 9)",land,471,100.0,0.5,0.1
63,"(9, 1)",land,403,100.0,0.5,0.1
63,"(9, 2)",land,420,100.0,0.5,0.1
64,"(0, 7)",land,383,100.0,0.5,0.1
64,"(1, 4)",land,364,100.0,0.5,0.1
64,"(1, 8)",land,361,100.0,0.5,0.1
64,"(2, 5)",land,445,100.0,0.5,0.1
64,"(3, 2)",land,390,100.0,0.5,0.1
64,"(3, 6)",land,390,100.0,0.5,0.1
64,"(3, 9)",land,409,100.0,0.5,0.1
64,"(4, 0)",land,371,100.0,0.5,0.1
64,"(4, 3)",land,484,100.0,0.5,0.1
64,"(4, 4)",land,404,100.0,0.5,0.1
64,"(4, 9)",land,439,100.0,0.5,0.1
64,"(5, 0)",land,407,100.0,0.5,0.1
64,"(5, 1)",land,429,100.0,0.5,0.1
64,"(5, 6)",land,373,100.0,0.5,0.1
64,"(6, 5)",land,352,100.0,0.5,0.1
64,"(7, 0)",land,472,100.0,0.5,0.1
64,"(7, 2)",land,492,100.0,0.5,0.1
64,"(7, 4)",land,494,100.0,0.5,0.1
64,"(7, 6)",land,499,100.0,0.5,0.1
64,"(7, 8)",land,368,100.0,0.5,0.1
64,"(8, 8)",land,386,100.0,0.5,0.1
64,"(8, 9)",land,471,100.0,0.5,0.1
64,"(9, 1)",land,403,100.0,0.5,0.1
64,"(9, 2)",land,420,100.0,0.5,0.1
65,"(0, 7)",land,383,100.0,0.5,0.1
65,"(1, 4)",land,364,100.0,0.5,0.1
65,"(1, 8)",land,361,100.0,0.5,0.1
65,"(2, 5)",land,445,100.0,0.5,0.1
65,"(3, 2)",land,390,100.0,0.5,0.1
65,"(3, 6)",land,390,100.0,0.5,0.1
65,"(3, 9)",land,409,100.0,0.5,0.1
65,"(4, 0)",land,371,100.0,0.5,0.1
65,"(4, 3)",land,484,100.0,0.5,0.1
65,"(4, 4)",land,404,100.0,0.5,0.1
65,"(4, 9)",land,439,100.0,0.5,0.1
65,"(5, 0)",land,407,100.0,0.5,0.1
65,"(5, 1)",land,429,100.0,0.5,0.1
65,"(5, 6)",land,373,100.0,0.5,0.1
65,"(6, 5)",land,352,100.0,0.5,0.1
65,"(7, 0)",land,472,100.0,0.5,0.1
65,"(7, 2)",land,492,100.0,0.5,0.1
65,"(7, 4)",land,494,100.0,0.5,0.1
65,"(7, 6)",land,499,100.0,0.5,0.1
65,"(7, 8)",land,368,100.0,0.5,0.1
65,"(8, 8)",land,386,100.0,0.5,0.1
65,"(8, 9)",land,471,100.0,0.5,0.1
65,"(9, 1)",land,403,100.0,0.5,0.1
65,"(9, 2)",land,420,100.0,0.5,0.1
66,"(0, 7)",land,383,100.0,0.5,0.1
66,"(1, 4)",land,364,100.0,0.5,0.1
66,"(1, 8)",land,361,100.0,0.5,0.1
66,"(2, 5)",land,445,100.0,0.5,0.1
66,"(3, 2)",land,390,100.0,0.5,0.1
66,"(3, 6)",land,390,100.0,0.5,0.1
66,"(3, 9)",land,409,100.0,0.5,0.1
66,"(4, 0)",land,371,100.0,0.5,0.1
66,"(4, 3)",land,484,100.0,0.5,0.1
66,"(4, 4)",land,404,100.0,0.5,0.1
66,"(4, 9)",land,439,100.0,0.5,0.1
66,"(5, 0)",land,407,100.0,0.5,0.1
66,"(5, 1)",land,429,100.0,0.5,0.1
66,"(5, 6)",land,373,100.0,0.5,0.1
66,"(6, 5)",land,352,100.0,0.5,0.1
66,"(7, 0)",land,472,100.0,0.5,0.1
66,"(7, 2)",land,492,100.0,0.5,0.1
66,"(7, 4)",land,494,100.0,0.5,0.1
66,"(7, 6)",land,499,100.0,0.5,0.1
66,"(7, 8)",land,368,100.0,0.5,0.1
66,"(8, 8)",land,386,100.0,0.5,0.1
66,"(8, 9)",land,471,100.0,0.5,0.1
66,"(9, 1)",land,403,100.0,0.5,0.1
66,"(9, 2)",land,420,100.0,0.5,0.1
67,"(0, 7)",land,383,100.0,0.5,0.1
67,"(1, 4)",land,364,100.0,0.5,0.1
67,"(1, 8)",land,361,100.0,0.5,0.1
67,"(2, 5)",land,445,100.0,0.5,0.1
67,"(3, 2)",land,390,100.0,0.5,0.1
67,"(3, 6)",land,390,100.0,0.5,0.1
67,"(3, 9)",land,409,100.0,0.5,0.1
67,"(4, 0)",land,371,100.0,0.5,0.1
67,"(4, 3)",land,484,100.0,0.5,0.1
67,"(4, 4)",land,404,100.0,0.5,0.1
67,"(4, 9)",land,439,100.0,0.5,0.1
67,"(5, 0)",land,407,100.0,0.5,0.1
67,"(5, 1)",land,429,100.0,0.5,0.1
67,"(5, 6)",land,373,100.0,0.5,0.1
67,"(6, 5)",land,352,100.0,0.5,0.1
67,"(7, 0)",land,472,100.0,0.5,0.1
67,"(7, 2)",land,492,100.0,0.5,0.1
67,"(7, 4)",land,494,100.0,0.5,0.1
67,"(7, 6)",land,499,100.0,0.5,0.1
67,"(7, 8)",land,368,100.0,0.5,0.1
67,"(8, 8)",land,386,100.0,0.5,0.1
67,"(8, 9)",land,471,100.0,0.5,0.1
67,"(9, 1)",land,403,100.0,0.5,0.1
67,"(9, 2)",land,420,100.0,0.5,0.1
68,"(0, 7)",land,383,100.0,0.5,0.1
68,"(1, 4)",land,364,100.0,0.5,0.1
68,"(1, 8)",land,361,100.0,0.5,0.1
68,"(2, 5)",land,445,100.0,0.5,0.1
68,"(3, 2)",land,390,100.0,0.5,0.1
68,"(3, 6)",land,390,100.0,0.5,0.1
68,"(3, 9)",land,409,100.0,0.5,0.1
68,"(4, 0)",land,371,100.0,0.5,0.1
68,"(4, 3)",land,484,100.0,0.5,0.1
68,"(4, 4)",land,404,100.0,0.5,0.1
68,"(4, 9)",land,439,100.0,0.5,0.1
68,"(5, 0)",land,407,100.0,0.5,0.1
68,"(5, 1)",land,429,100.0,0.5,0.1
68,"(5, 6)",land,373,100.0,0.5,0.1
68,"(6, 5)",land,352,100.0,0.5,0.1
68,"(7, 0)",land,472,100.0,0.5,0.1
68,"(7, 2)",land,492,100.0,0.5,0.1
68,"(7, 4)",land,494,100.0,0.5,0.1
68,"(7, 6)",land,499,100.0,0.5,0.1
68,"(7, 8)",land,368,100.0,0.5,0.1
68,"(8, 8)",land,386,100.0,0.5,0.1
68,"(8, 9)",land,471,100.0,0.5,0.1
68,"(9, 1)",land,403,100.0,0.5,0.1
68,"(9, 2)",land,420,100.0,0.5,0.1
69,"(0, 7)",land,383,100.0,0.5,0.1
69,"(1, 4)",land,364,100.0,0.5,0.1
69,"(1, 8)",land,361,100.0,0.5,0.1
69,"(2, 5)",land,445,100.0,0.5,0.1
69,"(3, 2)",land,390,100.0,0.5,0.1
69,"(3, 6)",land,390,100.0,0.5,0.1
69,"(3, 9)",land,409,100.0,0.5,0.1
69,"(4, 0)",land,371,100.0,0.5,0.1
69,"(4, 3)",land,484,100.0,0.5,0.1
69,"(4, 4)",land,404,100.0,0.5,0.1
69,"(4, 9)",land,439,100.0,0.5,0.1
69,"(5, 0)",land,407,100.0,0.5,0.1
69,"(5, 1)",land,429,100.0,0.5,0.1
69,"(5, 6)",land,373,100.0,0.5,0.1
69,"(6, 5)",land,352,100.0,0.5,0.1
69,"(7, 0)",land,472,100.0,0.5,0.1
69,"(7, 2)",land,492,100.0,0.5,0.1
69,"(7, 4)",land,494,100.0,0.5,0.1
69,"(7, 6)",land,499,100.0,0.5,0.1
69,"(7, 8)",land,368,100.0,0.5,0.1
69,"(8, 8)",land,386,100.0,0.5,0.1
69,"(8, 9)",land,471,100.0,0.5,0.1
69,"(9, 1)",land,403,100.0,0.5,0.1
69,"(9, 2)",land,420,100.0,0.5,0.1
70,"(0, 7)",land,383,100.0,0.5,0.1
70,"(1, 4)",land,364,100.0,0.5,0.1
70,"(1, 8)",land,361,100.0,0.5,0.1
70,"(2, 5)",land,445,100.0,0.5,0.1
70,"(3, 2)",land,390,100.0,0.5,0.1
70,"(3, 6)",land,390,100.0,0.5,0.1
70,"(3, 9)",land,409,100.0,0.5,0.1
70,"(4, 0)",land,371,100.0,0.5,0.1
70,"(4, 3)",land,484,100.0,0.5,0.1
70,"(4, 4)",land,404,100.0,0.5,0.1
70,"(4, 9)",land,439,100.0,0.5,0.1
70,"(5, 0)",land,407,100.0,0.5,0.1
70,"(5, 1)",land,429,100.0,0.5,0.1
70,"(5, 6)",land,373,100.0,0.5,0.1
70,"(6, 5)",land,352,100.0,0.5,0.1
70,"(7, 0)",land,472,100.0,0.5,0.1
70,"(7, 2)",land,492,100.0,0.5,0.1
70,"(7, 4)",land,494,100.0,0.5,0.1
70,"(7, 6)",land,499,100.0,0.5,0.1
70,"(7, 8)",land,368,100.0,0.5,0.1
70,"(8, 8)",land,386,100.0,0.5,0.1
70,"(8, 9)",land,471,100.0,0.5,0.1
70,"(9, 1)",land,403,100.0,0.5,0.1
70,"(9, 2)",land,420,100.0,0.5,0.1
71,"(0, 7)",land,383,100.0,0.5,0.1
71,"(1, 4)",land,364,100.0,0.5,0.1
71,"(1, 8)",land,361,100.0,0.5,0.1
71,"(2, 5)",land,445,100.0,0.5,0.1
71,"(3, 2)",land,390,100.0,0.5,0.1
71,"(3, 6)",land,390,100.0,0.5,0.1
71,"(3, 9)",land,409,100.0,0.5,0.1
71,"(4, 0)",land,371,100.0,0.5,0.1
71,"(4, 3)",land,484,100.0,0.5,0.1
71,"(4, 4)",land,404,100.0,0.5,0.1
71,"(4, 9)",land,439,100.0,0.5,0.1
71,"(5, 0)",land,407,100.0,0.5,0.1
71,"(5, 1)",land,429,100.0,0.5,0.1
71,"(5, 6)",land,373,100.0,0.5,0.1
71,"(6, 5)",land,352,100.0,0.5,0.1
71,"(7, 0)",land,472,100.0,0.5,0.1
71,"(7, 2)",land,492,100.0,0.5,0.1
71,"(7, 4)",land,494,100.0,0.5,0.1
71,"(7, 6)",land,499,100.0,0.5,0.1
71,"(7, 8)",land,368,100.0,0.5,0.1
71,"(8, 8)",land,386,100.0,0.5,0.1
71,"(8, 9)",land,471,100.0,0.5,0.1
71,"(9, 1)",land,403,100.0,0.5,0.1
71,"(9, 2)",land,420,100.0,0.5,0.1
72,"(0, 7)",land,383,100.0,0.5,0.1
72,"(1, 4)",land,364,100.0,0.5,0.1
72,"(1, 8)",land,361,100.0,0.5,0.1
72,"(2, 5)",land,445,100.0,0.5,0.1
72,"(3, 2)",land,390,100.0,0.5,0.1
72,"(3, 6)",land,390,100.0,0.5,0.1
72,"(3, 9)",land,409,100.0,0.5,0.1
72,"(4, 0)",land,371,100.0,0.5,0.1
72,"(4, 3)",land,484,100.0,0.5,0.1
72,"(4, 4)",land,404,100.0,0.5,0.1
72,"(4, 9)",land,439,100.0,0.5,0.1
72,"(5, 0)",land,407,100.0,0.5,0.1
72,"(5, 1)",land,429,100.0,0.5,0.1
72,"(5, 6)",land,373,100.0,0.5,0.1
72,"(6, 5)",land,352,100.0,0.5,0.1
72,"(7, 0)",land,472,100.0,0.5,0.1
72,"(7, 2)",land,492,100.0,0.5,0.1
72,"(7, 4)",land,494,100.0,0.5,0.1
72,"(7, 6)",land,499,100.0,0.5,0.1
72,"(7, 8)",land,368,100.0,0.5,0.1
72,"(8, 8)",land,386,100.0,0.5,0.1
72,"(8, 9)",land,471,100.0,0.5,0.1
72,"(9, 1)",land,403,100.0,0.5,0.1
72,"(9, 2)",land,420,100.0,0.5,0.1
73,"(0, 7)",land,383,100.0,0.5,0.1
73,"(1, 4)",land,364,100.0,0.5,0.1
73,"(1, 8)",land,361,100.0,0.5,0.1
73,"(2, 5)",land,445,100.0,0.5,0.1
73,"(3, 2)",land,390,100.0,0.5,0.1
73,"(3, 6)",land,390,100.0,0.5,0.1
73,"(3, 9)",land,409,100.0,0.5,0.1
73,"(4, 0)",land,371,100.0,0.5,0.1
73,"(4, 3)",land,484,100.0,0.5,0.1
73,"(4, 4)",land,404,100.0,0.5,0.1
73,"(4, 9)",land,439,100.0,0.5,0.1
73,"(5, 0)",land,407,100.0,0.5,0.1
73,"(5, 1)",land,429,100.0,0.5,0.1
73,"(5, 6)",land,373,100.0,0.5,0.1
73,"(6, 5)",land,352,100.0,0.5,0.1
73,"(7, 0)",land,472,100.0,0.5,0.1
73,"(7, 2)",land,492,100.0,0.5,0.1
73,"(7, 4)",land,494,100.0,0.5,0.1
73,"(7, 6)",land,499,100.0,0.5,0.1
73,"(7, 8)",land,368,100.0,0.5,0.1
73,"(8, 8)",land,386,100.0,0.5,0.1
73,"(8, 9)",land,471,100.0,0.5,0.1
73,"(9, 1)",land,403,100.0,0.5,0.1
73,"(9, 2)",land,420,100.0,0.5,0.1
74,"(0, 7)",land,383,100.0,0.5,0.1
74,"(1, 4)",land,364,100.0,0.5,0.1
74,"(1, 8)",land,361,100.0,0.5,0.1
74,"(2, 5)",land,445,100.0,0.5,0.1
74,"(3, 2)",land,390,100.0,0.5,0.1
74,"(3, 6)",land,390,100.0,0.5,0.1
74,"(3, 9)",land,409,100.0,0.5,0.1
74,"(4, 0)",land,371,100.0,0.5,0.1
74,"(4, 3)",land,484,100.0,0.5,0.1
74,"(4, 4)",land,404,100.0,0.5,0.1
74,"(4, 9)",land,439,100.0,0.5,0.1
74,"(5, 0)",land,407,100.0,0.5,0.1
74,"(5, 1)",land,429,100.0,0.5,0.1
74,"(5, 6)",land,373,100.0,0.5,0.1
74,"(6, 5)",land,352,100.0,0.5,0.1
74,"(7, 0)",land,472,100.0,0.5,0.1
74,"(7, 2)",land,492,100.0,0.5,0.1
74,"(7, 4)",land,494,100.0,0.5,0.1
74,"(7, 6)",land,499,100.0,0.5,0.1
74,"(7, 8)",land,368,100.0,0.5,0.1
74,"(8, 8)",land,386,100.0,0.5,0.1
74,"(8, 9)",land,471,100.0,0.5,0.1
74,"(9, 1)",land,403,100.0,0.5,0.1
74,"(9, 2)",land,420,100.0,0.5,0.1
75,"(0, 7)",land,383,100.0,0.5,0.1
75,"(1, 4)",land,364,100.0,0.5,0.1
75,"(1, 8)",land,361,100.0,0.5,0.1
75,"(2, 5)",land,445,100.0,0.5,0.1
75,"(3, 2)",land,390,100.0,0.5,0.1
75,"(3, 6)",land,390,100.0,0.5,0.1
75,"(3, 9)",land,409,100.0,0.5,0.1
75,"(4, 0)",land,371,100.0,0.5,0.1
75,"(4, 3)",land,484,100.0,0.5,0.1
75,"(4, 4)",land,404,100.0,0.5,0.1
75,"(4, 9)",land,439,100.0,0.5,0.1
75,"(5, 0)",land,407,100.0,0.5,0.1
75,"(5, 1)",land,429,100.0,0.5,0.1
75,"(5, 6)",land,373,100.0,0.5,0.1
75,"(6, 5)",land,352,100.0,0.5,0.1
75,"(7, 0)",land,472,100.0,0.5,0.1
75,"(7, 2)",land,492,100.0,0.5,0.1
75,"(7, 4)",land,494,100.0,0.5,0.1
75,"(7, 6)",land,499,100.0,0.5,0.1
75,"(7, 8)",land,368,100.0,0.5,0.1
75,"(8, 8)",land,386,100.0,0.5,0.1
75,"(8, 9)",land,471,100.0,0.5,0.1
75,"(9, 1)",land,403,100.0,0.5,0.1
75,"(9, 2)",land,420,100.0,0.5,0.1
76,"(0, 7)",land,383,100.0,0.5,0.1
76,"(1, 4)",land,364,100.0,0.5,0.1
76,"(1, 8)",land,361,100.0,0.5,0.1
76,"(2, 5)",land,445,100.0,0.5,0.1
76,"(3, 2)",land,390,100.0,0.5,0.1
76,"(3, 6)",land,390,100.0,0.5,0.1
76,"(3, 9)",land,409,100.0,0.5,0.1
76,"(4, 0)",land,371,100.0,0.5,0.1
76,"(4, 3)",land,484,100.0,0.5,0.1
76,"(4, 4)",land,404,100.0,0.5,0.1
76,"(4, 9)",land,439,100.0,0.5,0.1
76,"(5, 0)",land,407,100.0,0.5,0.1
76,"(5, 1)",land,429,100.0,0.5,0.1
76,"(5, 6)",land,373,100.0,0.5,0.1
76,"(6, 5)",land,352,100.0,0.5,0.1
76,"(7, 0)",land,472,100.0,0.5,0.1
76,"(7, 2)",land,492,100.0,0.5,0.1
76,"(7, 4)",land,494,100.0,0.5,0.1
76,"(7, 6)",land,499,100.0,0.5,0.1
76,"(7, 8)",land,368,100.0,0.5,0.1
76,"(8, 8)",land,386,100.0,0.5,0.1
76,"(8, 9)",land,471,100.0,0.5,0.1
76,"(9, 1)",land,403,100.0,0.5,0.1
76,"(9, 2)",land,420,100.0,0.5,0.1
77,"(0, 7)",land,383,100.0,0.5,0.1
77,"(1, 4)",land,364,100.0,0.5,0.1
77,"(1, 8)",land,361,100.0,0.5,0.1
77,"(2, 5)",land,445,100.0,0.5,0.1
77,"(3, 2)",land,390,100.0,0.5,0.1
77,"(3, 6)",land,390,100.0,0.5,0.1
77,"(3, 9)",land,409,100.0,0.5,0.1
77,"(4, 0)",land,371,100.0,0.5,0.1
77,"(4, 3)",land,484,100.0,0.5,0.1
77,"(4, 4)",land,404,100.0,0.5,0.1
77,"(4, 9)",land,439,100.0,0.5,0.1
77,"(5, 0)",land,407,100.0,0.5,0.1
77,"(5, 1)",land,429,100.0,0.5,0.1
77,"(5, 6)",land,373,100.0,0.5,0.1
77,"(6, 5)",land,352,100.0,0.5,0.1
77,"(7, 0)",land,472,100.0,0.5,0.1
77,"(7, 2)",land,492,100.0,0.5,0.1
77,"(7, 4)",land,494,100.0,0.5,0.1
77,"(7, 6)",land,499,100.0,0.5,0.1
77,"(7, 8)",land,368,100.0,0.5,0.1
77,"(8, 8)",land,386,100.0,0.5,0.1
77,"(8, 9)",land,471,100.0,0.5,0.1
77,"(9, 1)",land,403,100.0,0.5,0.1
77,"(9, 2)",land,420,100.0,0.5,0.1
78,"(0, 7)",land,383,100.0,0.5,0.1
78,"(1, 4)",land,364,100.0,0.5,0.1
78,"(1, 8)",land,361,100.0,0.5,0.1
78,"(2, 5)",land,445,100.0,0.5,0.1
78,"(3, 2)",land,390,100.0,0.5,0.1
78,"(3, 6)",land,390,100.0,0.5,0.1
78,"(3, 9)",land,409,100.0,0.5,0.1
78,"(4, 0)",land,371,100.0,0.5,0.1
78,"(4, 3)",land,484,100.0,0.5,0.1
78,"(4, 4)",land,404,100.0,0.5,0.1
78,"(4, 9)",land,439,100.0,0.5,0.1
78,"(5, 0)",land,407,100.0,0.5,0.1
78,"(5, 1)",land,429,100.0,0.5,0.1
78,"(5, 6)",land,373,100.0,0.5,0.1
78,"(6, 5)",land,352,100.0,0.5,0.1
78,"(7, 0)",land,472,100.0,0.5,0.1
78,"(7, 2)",land,492,100.0,0.5,0.1
78,"(7, 4)",land,494,100.0,0.5,0.1
78,"(7, 6)",land,499,100.0,0.5,0.1
78,"(7, 8)",land,368,100.0,0.5,0.1
78,"(8, 8)",land,386,100.0,0.5,0.1
78,"(8, 9)",land,471,100.0,0.5,0.1
78,"(9, 1)",land,403,100.0,0.5,0.1
78,"(9, 2)",land,420,100.0,0.5,0.1
79,"(0, 7)",land,383,100.0,0.5,0.1
79,"(1, 4)",land,364,100.0,0.5,0.1
79,"(1, 8)",land,361,100.0,0.5,0.1
79,"(2, 5)",land,445,100.0,0.5,0.1
79,"(3, 2)",land,390,100.0,0.5,0.1
79,"(3, 6)",land,390,100.0,0.5,0.1
79,"(3, 9)",land,409,100.0,0.5,0.1
79,"(4, 0)",land,371,100.0,0.5,0.1
79,"(4, 3)",land,484,100.0,0.5,0.1
79,"(4, 4)",land,404,100.0,0.5,0.1
79,"(4, 9)",land,439,100.0,0.5,0.1
79,"(5, 0)",land,407,100.0,0.5,0.1
79,"(5, 1)",land,429,100.0,0.5,0.1
79,"(5, 6)",land,373,100.0,0.5,0.1
79,"(6, 5)",land,352,100.0,0.5,0.1
79,"(7, 0)",land,472,100.0,0.5,0.1
79,"(7, 2)",land,492,100.0,0.5,0.1
79,"(7, 4)",land,494,100.0,0.5,0.1
79,"(7, 6)",land,499,100.0,0.5,0.1
79,"(7, 8)",land,368,100.0,0.5,0.1
79,"(8, 8)",land,386,100.0,0.5,0.1
79,"(8, 9)",land,471,100.0,0.5,0.1
79,"(9, 1)",land,403,100.0,0.5,0.1
79,"(9, 2)",land,420,100.0,0.5,0.1
80,"(0, 7)",land,383,100.0,0.5,0.1
80,"(1, 4)",land,364,100.0,0.5,0.1
80,"(1, 8)",land,361,100.0,0.5,0.1
80,"(2, 5)",land,445,100.0,0.5,0.1
80,"(3, 2)",land,390,100.0,0.5,0.1
80,"(3, 6)",land,390,100.0,0.5,0.1
80,"(3, 9)",land,409,100.0,0.5,0.1
80,"(4, 0)",land,371,100.0,0.5,0.1
80,"(4, 3)",land,484,100.0,0.5,0.1
80,"(4, 4)",land,404,100.0,0.5,0.1
80,"(4, 9)",land,439,100.0,0.5,0.1
80,"(5, 0)",land,407,100.0,0.5,0.1
80,"(5, 1)",land,429,100.0,0.5,0.1
80,"(5, 6)",land,373,100.0,0.5,0.1
80,"(6, 5)",land,352,100.0,0.5,0.1
80,"(7, 0)",land,472,100.0,0.5,0.1
80,"(7, 2)",land,492,100.0,0.5,0.1
80,"(7, 4)",land,494,100.0,0.5,0.1
80,"(7, 6)",land,499,100.0,0.5,0.1
80,"(7, 8)",land,368,100.0,0.5,0.1
80,"(8, 8)",land,386,100.0,0.5,0.1
80,"(8, 9)",land,471,100.0,0.5,0.1
80,"(9, 1)",land,403,100.0,0.5,0.1
80,"(9, 2)",land,420,100.0,0.5,0.1
81,"(0, 7)",land,383,100.0,0.5,0.1
81,"(1, 4)",land,364,100.0,0.5,0.1
81,"(1, 8)",land,361,100.0,0.5,0.1
81,"(2, 5)",land,445,100.0,0.5,0.1
81,"(3, 2)",land,390,100.0,0.5,0.1
81,"(3, 6)",land,390,100.0,0.5,0.1
81,"(3, 9)",land,409,100.0,0.5,0.1
81,"(4, 0)",land,371,100.0,0.5,0.1
81,"(4, 3)",land,484,100.0,0.5,0.1
81,"(4, 4)",land,404,100.0,0.5,0.1
81,"(4, 9)",land,439,100.0,0.5,0.1
81,"(5, 0)",land,407,100.0,0.5,0.1
81,"(5, 1)",land,429,100.0,0.5,0.1
81,"(5, 6)",land,373,100.0,0.5,0.1
81,"(6, 5)",land,352,100.0,0.5,0.1
81,"(7, 0)",land,472,100.0,0.5,0.1
81,"(7, 2)",land,492,100.0,0.5,0.1
81,"(7, 4)",land,494,100.0,0.5,0.1
81,"(7, 6)",land,499,100.0,0.5,0.1
81,"(7, 8)",land,368,100.0,0.5,0.1
81,"(8, 8)",land,386,100.0,0.5,0.1
81,"(8, 9)",land,471,100.0,0.5,0.1
81,"(9, 1)",land,403,100.0,0.5,0.1
81,"(9, 2)",land,420,100.0,0.5,0.1
82,"(0, 7)",land,383,100.0,0.5,0.1
82,"(1, 4)",land,364,100.0,0.5,0.1
82,"(1, 8)",land,361,100.0,0.5,0.1
82,"(2, 5)",land,445,100.0,0.5,0.1
82,"(3, 2)",land,390,100.0,0.5,0.1
82,"(3, 6)",land,390,100.0,0.5,0.1
82,"(3, 9)",land,409,100.0,0.5,0.1
82,"(4, 0)",land,371,100.0,0.5,0.1
82,"(4, 3)",land,484,100.0,0.5,0.1
82,"(4, 4)",land,404,100.0,0.5,0.1
82,"(4, 9)",land,439,100.0,0.5,0.1
82,"(5, 0)",land,407,100.0,0.5,0.1
82,"(5, 1)",land,429,100.0,0.5,0.1
82,"(5, 6)",land,373,100.0,0.5,0.1
82,"(6, 5)",land,352,100.0,0.5,0.1
82,"(7, 0)",land,472,100.0,0.5,0.1
82,"(7, 2)",land,492,100.0,0.5,0.1
82,"(7, 4)",land,494,100.0,0.5,0.1
82,"(7, 6)",land,499,100.0,0.5,0.1
82,"(7, 8)",land,368,100.0,0.5,0.1
82,"(8, 8)",land,386,100.0,0.5,0.1
82,"(8, 9)",land,471,100.0,0.5,0.1
82,"(9, 1)",land,403,100.0,0.5,0.1
82,"(9, 2)",land,420,100.0,0.5,0.1
83,"(0, 7)",land,383,100.0,0.5,0.1
83,"(1, 4)",land,364,100.0,0.5,0.1
83,"(1, 8)",land,361,100.0,0.5,0.1
83,"(2, 5)",land,445,100.0,0.5,0.1
83,"(3, 2)",land,390,100.0,0.5,0.1
83,"(3, 6)",land,390,100.0,0.5,0.1
83,"(3, 9)",land,409,100.0,0.5,0.1
83,"(4, 0)",land,371,100.0,0.5,0.1
83,"(4, 3)",land,484,100.0,0.5,0.1
83,"(4, 4)",land,404,100.0,0.5,0.1
83,"(4, 9)",land,439,100.0,0.5,0.1
83,"(5, 0)",land,407,100.0,0.5,0.1
83,"(5, 1)",land,429,100.0,0.5,0.1
83,"(5, 6)",land,373,100.0,0.5,0.1
83,"(6, 5)",land,352,100.0,0.5,0.1
83,"(7, 0)",land,472,100.0,0.5,0.1
83,"(7, 2)",land,492,100.0,0.5,0.1
83,"(7, 4)",land,494,100.0,0.5,0.1
83,"(7, 6)",land,499,100.0,0.5,0.1
83,"(7, 8)",land,368,100.0,0.5,0.1
83,"(8, 8)",land,386,100.0,0.5,0.1
83,"(8, 9)",land,471,100.0,0.5,0.1
83,"(9, 1)",land,403,100.0,0.5,0.1
83,"(9, 2)",land,420,100.0,0.5,0.1
84,"(0, 7)",land,383,100.0,0.5,0.1
84,"(1, 4)",land,364,100.0,0.5,0.1
84,"(1, 8)",land,361,100.0,0.5,0.1
84,"(2, 5)",land,445,100.0,0.5,0.1
84,"(3, 2)",land,390,100.0,0.5,0.1
84,"(3, 6)",land,390,100.0,0.5,0.1
84,"(3, 9)",land,409,100.0,0.5,0.1
84,"(4, 0)",land,371,100.0,0.5,0.1
84,"(4, 3)",land,484,100.0,0.5,0.1
84,"(4, 4)",land,404,100.0,0.5,0.1
84,"(4, 9)",land,439,100.0,0.5,0.1
84,"(5, 0)",land,407,100.0,0.5,0.1
84,"(5, 1)",land,429,100.0,0.5,0.1
84,"(5, 6)",land,373,100.0,0.5,0.1
84,"(6, 5)",land,352,100.0,0.5,0.1
84,"(7, 0)",land,472,100.0,0.5,0.1
84,"(7, 2)",land,492,100.0,0.5,0.1
84,"(7, 4)",land,494,100.0,0.5,0.1
84,"(7, 6)",land,499,100.0,0.5,0.1
84,"(7, 8)",land,368,100.0,0.5,0.1
84,"(8, 8)",land,386,100.0,0.5,0.1
84,"(8, 9)",land,471,100.0,0.5,0.1
84,"(9, 1)",land,403,100.0,0.5,0.1
84,"(9, 2)",land,420,100.0,0.5,0.1
85,"(0, 7)",land,383,100.0,0.5,0.1
85,"(1, 4)",land,364,100.0,0.5,0.1
85,"(1, 8)",land,361,100.0,0.5,0.1
85,"(2, 5)",land,445,100.0,0.5,0.1
85,"(3, 2)",land,390,100.0,0.5,0.1
85,"(3, 6)",land,390,100.0,0.5,0.1
85,"(3, 9)",land,409,100.0,0.5,0.1
85,"(4, 0)",land,371,100.0,0.5,0.1
85,"(4, 3)",land,484,100.0,0.5,0.1
85,"(4, 4)",land,404,100.0,0.5,0.1
85,"(4, 9)",land,439,100.0,0.5,0.1
85,"(5, 0)",land,407,100.0,0.5,0.1
85,"(5, 1)",land,429,100.0,0.5,0.1
85,"(5, 6)",land,373,100.0,0.5,0.1
85,"(6, 5)",land,352,100.0,0.5,0.1
85,"(7, 0)",land,472,100.0,0.5,0.1
85,"(7, 2)",land,492,100.0,0.5,0.1
85,"(7, 4)",land,494,100.0,0.5,0.1
85,"(7, 6)",land,499,100.0,0.5,0.1
85,"(7, 8)",land,368,100.0,0.5,0.1
85,"(8, 8)",land,386,100.0,0.5,0.1
85,"(8, 9)",land,471,100.0,0.5,0.1
85,"(9, 1)",land,403,100.0,0.5,0.1
85,"(9, 2)",land,420,100.0,0.5,0.1
86,"(0, 7)",land,383,100.0,0.5,0.1
86,"(1, 4)",land,364,100.0,0.5,0.1
86,"(1, 8)",land,361,100.0,0.5,0.1
86,"(2, 5)",land,445,100.0,0.5,0.1
86,"(3, 2)",land,390,100.0,0.5,0.1
86,"(3, 6)",land,390,100.0,0.5,0.1
86,"(3, 9)",land,409,100.0,0.5,0.1
86,"(4, 0)",land,371,100.0,0.5,0.1
86,"(4, 3)",land,484,100.0,0.5,0.1
86,"(4, 4)",land,404,100.0,0.5,0.1
86,"(4, 9)",land,439,100.0,0.5,0.1
86,"(5, 0)",land,407,100.0,0.5,0.1
86,"(5, 1)",land,429,100.0,0.5,0.1
86,"(5, 6)",land,373,100.0,0.5,0.1
86,"(6, 5)",land,352,100.0,0.5,0.1
86,"(7, 0)",land,472,100.0,0.5,0.1
86,"(7, 2)",land,492,100.0,0.5,0.1
86,"(7, 4)",land,494,100.0,0.5,0.1
86,"(7, 6)",land,499,100.0,0.5,0.1
86,"(7, 8)",land,368,100.0,0.5,0.1
86,"(8, 8)",land,386,100.0,0.5,0.1
86,"(8, 9)",land,471,100.0,0.5,0.1
86,"(9, 1)",land,403,100.0,0.5,0.1
86,"(9, 2)",land,420,100.0,0.5,0.1
87,"(0, 7)",land,383,100.0,0.5,0.1
87,"(1, 4)",land,364,100.0,0.5,0.1
87,"(1, 8)",land,361,100.0,0.5,0.1
87,"(2, 5)",land,445,100.0,0.5,0.1
87,"(3, 2)",land,390,100.0,0.5,0.1
87,"(3, 6)",land,390,100.0,0.5,0.1
87,"(3, 9)",land,409,100.0,0.5,0.1
87,"(4, 0)",land,371,100.0,0.5,0.1
87,"(4, 3)",land,484,100.0,0.5,0.1
87,"(4, 4)",land,404,100.0,0.5,0.1
87,"(4, 9)",land,439,100.0,0.5,0.1
87,"(5, 0)",land,407,100.0,0.5,0.1
87,"(5, 1)",land,429,100.0,0.5,0.1
87,"(5, 6)",land,373,100.0,0.5,0.1
87,"(6, 5)",land,352,100.0,0.5,0.1
87,"(7, 0)",land,472,100.0,0.5,0.1
87,"(7, 2)",land,492,100.0,0.5,0.1
87,"(7, 4)",land,494,100.0,0.5,0.1
87,"(7, 6)",land,499,100.0,0.5,0.1
87,"(7, 8)",land,368,100.0,0.5,0.1
87,"(8, 8)",land,386,100.0,0.5,0.1
87,"(8, 9)",land,471,100.0,0.5,0.1
87,"(9, 1)",land,403,100.0,0.5,0.1
87,"(9, 2)",land,420,100.0,0.5,0.1
88,"(0, 7)",land,383,100.0,0.5,0.1
88,"(1, 4)",land,364,100.0,0.5,0.1
88,"(1, 8)",land,361,100.0,0.5,0.1
88,"(2, 5)",land,445,100.0,0.5,0.1
88,"(3, 2)",land,390,100.0,0.5,0.1
88,"(3, 6)",land,390,100.0,0.5,0.1
88,"(3, 9)",land,409,100.0,0.5,0.1
88,"(4, 0)",land,371,100.0,0.5,0.1
88,"(4, 3)",land,484,100.0,0.5,0.1
88,"(4, 4)",land,404,100.0,0.5,0.1
88,"(4, 9)",land,439,100.0,0.5,0.1
88,"(5, 0)",land,407,100.0,0.5,0.1
88,"(5, 1)",land,429,100.0,0.5,0.1
88,"(5, 6)",land,373,100.0,0.5,0.1
88,"(6, 5)",land,352,100.0,0.5,0.1
88,"(7, 0)",land,472,100.0,0.5,0.1
88,"(7, 2)",land,492,100.0,0.5,0.1
88,"(7, 4)",land,494,100.0,0.5,0.1
88,"(7, 6)",land,499,100.0,0.5,0.1
88,"(7, 8)",land,368,100.0,0.5,0.1
88,"(8, 8)",land,386,100.0,0.5,0.1
88,"(8, 9)",land,471,100.0,0.5,0.1
88,"(9, 1)",land,403,100.0,0.5,0.1
88,"(9, 2)",land,420,100.0,0.5,0.1
89,"(0, 7)",land,383,100.0,0.5,0.1
89,"(1, 4)",land,364,100.0,0.5,0.1
89,"(1, 8)",land,361,100.0,0.5,0.1
89,"(2, 5)",land,445,100.0,0.5,0.1
89,"(3, 2)",land,390,100.0,0.5,0.1
89,"(3, 6)",land,390,100.0,0.5,0.1
89,"(3, 9)",land,409,100.0,0.5,0.1
89,"(4, 0)",land,371,100.0,0.5,0.1
89,"(4, 3)",land,484,100.0,0.5,0.1
89,"(4, 4)",land,404,100.0,0.5,0.1
89,"(4, 9)",land,439,100.0,0.5,0.1
89,"(5, 0)",land,407,100.0,0.5,0.1
89,"(5, 1)",land,429,100.0,0.5,0.1
89,"(5, 6)",land,373,100.0,0.5,0.1
89,"(6, 5)",land,352,100.0,0.5,0.1
89,"(7, 0)",land,472,100.0,0.5,0.1
89,"(7, 2)",land,492,100.0,0.5,0.1
89,"(7, 4)",land,494,100.0,0.5,0.1
89,"(7, 6)",land,499,100.0,0.5,0.1
89,"(7, 8)",land,368,100.0,0.5,0.1
89,"(8, 8)",land,386,100.0,0.5,0.1
89,"(8, 9)",land,471,100.0,0.5,0.1
89,"(9, 1)",land,403,100.0,0.5,0.1
89,"(9, 2)",land,420,100.0,0.5,0.1
90,"(0, 7)",land,383,100.0,0.5,0.1
90,"(1, 4)",land,364,100.0,0.5,0.1
90,"(1, 8)",land,361,100.0,0.5,0.1
90,"(2, 5)",land,445,100.0,0.5,0.1
90,"(3, 2)",land,390,100.0,0.5,0.1
90,"(3, 6)",land,390,100.0,0.5,0.1
90,"(3, 9)",land,409,100.0,0.5,0.1
90,"(4, 0)",land,371,100.0,0.5,0.1
90,"(4, 3)",land,484,100.0,0.5,0.1
90,"(4, 4)",land,404,100.0,0.5,0.1
90,"(4, 9)",land,439,100.0,0.5,0.1
90,"(5, 0)",land,407,100.0,0.5,0.1
90,"(5, 1)",land,429,100.0,0.5,0.1
90,"(5, 6)",land,373,100.0,0.5,0.1
90,"(6, 5)",land,352,100.0,0.5,0.1
90,"(7, 0)",land,472,100.0,0.5,0.1
90,"(7, 2)",land,492,100.0,0.5,0.1
90,"(7, 4)",land,494,100.0,0.5,0.1
90,"(7, 6)",land,499,100.0,0.5,0.1
90,"(7, 8)",land,368,100.0,0.5,0.1
90,"(8, 8)",land,386,100.0,0.5,0.1
90,"(8, 9)",land,471,100.0,0.5,0.1
90,"(9, 1)",land,403,100.0,0.5,0.1
90,"(9, 2)",land,420,100.0,0.5,0.1
91,"(0, 7)",land,383,100.0,0.5,0.1
91,"(1, 4)",land,364,100.0,0.5,0.1
91,"(1, 8)",land,361,100.0,0.5,0.1
91,"(2, 5)",land,445,100.0,0.5,0.1
91,"(3, 2)",land,390,100.0,0.5,0.1
91,"(3, 6)",land,390,100.0,0.5,0.1
91,"(3, 9)",land,409,100.0,0.5,0.1
91,"(4, 0)",land,371,100.0,0.5,0.1
91,"(4, 3)",land,484,100.0,0.5,0.1
91,"(4, 4)",land,404,100.0,0.5,0.1
91,"(4, 9)",land,439,100.0,0.5,0.1
91,"(5, 0)",land,407,100.0,0.5,0.1
91,"(5, 1)",land,429,100.0,0.5,0.1
91,"(5, 6)",land,373,100.0,0.5,0.1
91,"(6, 5)",land,352,100.0,0.5,0.1
91,"(7, 0)",land,472,100.0,0.5,0.1
91,"(7, 2)",land,492,100.0,0.5,0.1
91,"(7, 4)",land,494,100.0,0.5,0.1
91,"(7, 6)",land,499,100.0,0.5,0.1
91,"(7, 8)",land,368,100.0,0.5,0.1
91,"(8, 8)",land,386,100.0,0.5,0.1
91,"(8, 9)",land,471,100.0,0.5,0.1
91,"(9, 1)",land,403,100.0,0.5,0.1
91,"(9, 2)",land,420,100.0,0.5,0.1
92,"(0, 7)",land,383,100.0,0.5,0.1
92,"(1, 4)",land,364,100.0,0.5,0.1
92,"(1, 8)",land,361,100.0,0.5,0.1
92,"(2, 5)",land,445,100.0,0.5,0.1
92,"(3, 2)",land,390,100.0,0.5,0.1
92,"(3, 6)",land,390,100.0,0.5,0.1
92,"(3, 9)",land,409,100.0,0.5,0.1
92,"(4, 0)",land,371,100.0,0.5,0.1
92,"(4, 3)",land,484,100.0,0.5,0.1
92,"(4, 4)",land,404,100.0,0.5,0.1
92,"(4, 9)",land,439,100.0,0.5,0.1
92,"(5, 0)",land,407,100.0,0.5,0.1
92,"(5, 1)",land,429,100.0,0.5,0.1
92,"(5, 6)",land,373,100.0,0.5,0.1
92,"(6, 5)",land,352,100.0,0.5,0.1
92,"(7, 0)",land,472,100.0,0.5,0.1
92,"(7, 2)",land,492,100.0,0.5,0.1
92,"(7, 4)",land,494,100.0,0.5,0.1
92,"(7, 6)",land,499,100.0,0.5,0.1
92,"(7, 8)",land,368,100.0,0.5,0.1
92,"(8, 8)",land,386,100.0,0.5,0.1
92,"(8, 9)",land,471,100.0,0.5,0.1
92,"(9, 1)",land,403,100.0,0.5,0.1
92,"(9, 2)",land,420,100.0,0.5,0.1
93,"(0, 7)",land,383,100.0,0.5,0.1
93,"(1, 4)",land,364,100.0,0.5,0.1
93,"(1, 8)",land,361,100.0,0.5,0.1
93,"(2, 5)",land,445,100.0,0.5,0.1
93,"(3, 2)",land,390,100.0,0.5,0.1
93,"(3, 6)",land,390,100.0,0.5,0.1
93,"(3, 9)",land,409,100.0,0.5,0.1
93,"(4, 0)",land,371,100.0,0.5,0.1
93,"(4, 3)",land,484,100.0,0.5,0.1
93,"(4, 4)",land,404,100.0,0.5,0.1
93,"(4, 9)",land,439,100.0,0.5,0.1
93,"(5, 0)",land,407,100.0,0.5,0.1
93,"(5, 1)",land,429,100.0,0.5,0.1
93,"(5, 6)",land,373,100.0,0.5,0.1
93,"(6, 5)",land,352,100.0,0.5,0.1
93,"(7, 0)",land,472,100.0,0.5,0.1
93,"(7, 2)",land,492,100.0,0.5,0.1
93,"(7, 4)",land,494,100.0,0.5,0.1
93,"(7, 6)",land,499,100.0,0.5,0.1
93,"(7, 8)",land,368,100.0,0.5,0.1
93,"(8, 8)",land,386,100.0,0.5,0.1
93,"(8, 9)",land,471,100.0,0.5,0.1
93,"(9, 1)",land,403,100.0,0.5,0.1
93,"(9, 2)",land,420,100.0,0.5,0.1
94,"(0, 7)",land,383,100.0,0.5,0.1
94,"(1, 4)",land,364,100.0,0.5,0.1
94,"(1, 8)",land,361,100.0,0.5,0.1
94,"(2, 5)",land,445,100.0,0.5,0.1
94,"(3, 2)",land,390,100.0,0.5,0.1
94,"(3, 6)",land,390,100.0,0.5,0.1
94,"(3, 9)",land,409,100.0,0.5,0.1
94,"(4, 0)",land,371,100.0,0.5,0.1
94,"(4, 3)",land,484,100.0,0.5,0.1
94,"(4, 4)",land,404,100.0,0.5,0.1
94,"(4, 9)",land,439,100.0,0.5,0.1
94,"(5, 0)",land,407,100.0,0.5,0.1
94,"(5, 1)",land,429,100.0,0.5,0.1
94,"(5, 6)",land,373,100.0,0.5,0.1
94,"(6, 5)",land,352,100.0,0.5,0.1
94,"(7, 0)",land,472,100.0,0.5,0.1
94,"(7, 2)",land,492,100.0,0.5,0.1
94,"(7, 4)",land,494,100.0,0.5,0.1
94,"(7, 6)",land,499,100.0,0.5,0.1
94,"(7, 8)",land,368,100.0,0.5,0.1
94,"(8, 8)",land,386,100.0,0.5,0.1
94,"(8, 9)",land,471,100.0,0.5,0.1
94,"(9, 1)",land,403,100.0,0.5,0.1
94,"(9, 2)",land,420,100.0,0.5,0.1
95,"(0, 7)",land,383,100.0,0.5,0.1
95,"(1, 4)",land,364,100.0,0.5,0.1
95,"(1, 8)",land,361,100.0,0.5,0.1
95,"(2, 5)",land,445,100.0,0.5,0.1
95,"(3, 2)",land,390,100.0,0.5,0.1
95,"(3, 6)",land,390,100.0,0.5,0.1
95,"(3, 9)",land,409,100.0,0.5,0.1
95,"(4, 0)",land,371,100.0,0.5,0.1
95,"(4, 3)",land,484,100.0,0.5,0.1
95,"(4, 4)",land,404,100.0,0.5,0.1
95,"(4, 9)",land,439,100.0,0.5,0.1
95,"(5, 0)",land,407,100.0,0.5,0.1
95,"(5, 1)",land,429,100.0,0.5,0.1
95,"(5, 6)",land,373,100.0,0.5,0.1
95,"(6, 5)",land,352,100.0,0.5,0.1
95,"(7, 0)",land,472,100.0,0.5,0.1
95,"(7, 2)",land,492,100.0,0.5,0.1
95,"(7, 4)",land,494,100.0,0.5,0.1
95,"(7, 6)",land,499,100.0,0.5,0.1
95,"(7, 8)",land,368,100.0,0.5,0.1
95,"(8, 8)",land,386,100.0,0.5,0.1
95,"(8, 9)",land,471,100.0,0.5,0.1
95,"(9, 1)",land,403,100.0,0.5,0.1
95,"(9, 2)",land,420,100.0,0.5,0.1
96,"(0, 7)",land,383,100.0,0.5,0.1
96,"(1, 4)",land,364,100.0,0.5,0.1
96,"(1, 8)",land,361,100.0,0.5,0.1
96,"(2, 5)",land,445,100.0,0.5,0.1
96,"(3, 2)",land,390,100.0,0.5,0.1
96,"(3, 6)",land,390,100.0,0.5,0.1
96,"(3, 9)",land,409,100.0,0.5,0.1
96,"(4, 0)",land,371,100.0,0.5,0.1
96,"(4, 3)",land,484,100.0,0.5,0.1
96,"(4, 4)",land,404,100.0,0.5,0.1
96,"(4, 9)",land,439,100.0,0.5,0.1
96,"(5, 0)",land,407,100.0,0.5,0.1
96,"(5, 1)",land,429,100.0,0.5,0.1
96,"(5, 6)",land,373,100.0,0.5,0.1
96,"(6, 5)",land,352,100.0,0.5,0.1
96,"(7, 0)",land,472,100.0,0.5,0.1
96,"(7, 2)",land,492,100.0,0.5,0.1
96,"(7, 4)",land,494,100.0,0.5,0.1
96,"(7, 6)",land,499,100.0,0.5,0.1
96,"(7, 8)",land,368,100.0,0.5,0.1
96,"(8, 8)",land,386,100.0,0.5,0.1
96,"(8, 9)",land,471,100.0,0.5,0.1
96,"(9, 1)",land,403,100.0,0.5,0.1
96,"(9, 2)",land,420,100.0,0.5,0.1
97,"(0, 7)",land,383,100.0,0.5,0.1
97,"(1, 4)",land,364,100.0,0.5,0.1
97,"(1, 8)",land,361,100.0,0.5,0.1
97,"(2, 5)",land,445,100.0,0.5,0.1
97,"(3, 2)",land,390,100.0,0.5,0.1
97,"(3, 6)",land,390,100.0,0.5,0.1
97,"(3, 9)",land,409,100.0,0.5,0.1
97,"(4, 0)",land,371,100.0,0.5,0.1
97,"(4, 3)",land,484,100.0,0.5,0.1
97,"(4, 4)",land,404,100.0,0.5,0.1
97,"(4, 9)",land,439,100.0,0.5,0.1
97,"(5, 0)",land,407,100.0,0.5,0.1
97,"(5, 1)",land,429,100.0,0.5,0.1
97,"(5, 6)",land,373,100.0,0.5,0.1
97,"(6, 5)",land,352,100.0,0.5,0.1
97,"(7, 0)",land,472,100.0,0.5,0.1
97,"(7, 2)",land,492,100.0,0.5,0.1
97,"(7, 4)",land,494,100.0,0.5,0.1
97,"(7, 6)",land,499,100.0,0.5,0.1
97,"(7, 8)",land,368,100.0,0.5,0.1
97,"(8, 8)",land,386,100.0,0.5,0.1
97,"(8, 9)",land,471,100.0,0.5,0.1
97,"(9, 1)",land,403,100.0,0.5,0.1
97,"(9, 2)",land,420,100.0,0.5,0.1
98,"(0, 7)",land,383,100.0,0.5,0.1
98,"(1, 4)",land,364,100.0,0.5,0.1
98,"(1, 8)",land,361,100.0,0.5,0.1
98,"(2, 5)",land,445,100.0,0.5,0.1
98,"(3, 2)",land,390,100.0,0.5,0.1
98,"(3, 6)",land,390,100.0,0.5,0.1
98,"(3, 9)",land,409,100.0,0.5,0.1
98,"(4, 0)",land,371,100.0,0.5,0.1
98,"(4, 3)",land,484,100.0,0.5,0.1
98,"(4, 4)",land,404,100.0,0.5,0.1
98,"(4, 9)",land,439,100.0,0.5,0.1
98,"(5, 0)",land,407,100.0,0.5,0.1
98,"(5, 1)",land,429,100.0,0.5,0.1
98,"(5, 6)",land,373,100.0,0.5,0.1
98,"(6, 5)",land,352,100.0,0.5,0.1
98,"(7, 0)",land,472,100.0,0.5,0.1
98,"(7, 2)",land,492,100.0,0.5,0.1
98,"(7, 4)",land,494,100.0,0.5,0.1
98,"(7, 6)",land,499,100.0,0.5,0.1
98,"(7, 8)",land,368,100.0,0.5,0.1
98,"(8, 8)",land,386,100.0,0.5,0.1
98,"(8, 9)",land,471,100.0,0.5,0.1
98,"(9, 1)",land,403,100.0,0.5,0.1
98,"(9, 2)",land,420,100.0,0.5,0.1
99,"(0, 7)",land,383,100.0,0.5,0.1
99,"(1, 4)",land,364,100.0,0.5,0.1
99,"(1, 8)",land,361,100.0,0.5,0.1
99,"(2, 5)",land,445,100.0,0.5,0.1
99,"(3, 2)",land,390,100.0,0.5,0.1
99,"(3, 6)",land,390,100.0,0.5,0.1
99,"(3, 9)",land,409,100.0,0.5,0.1
99,"(4, 0)",land,371,100.0,0.5,0.1
99,"(4, 3)",land,484,100.0,0.5,0.1
99,"(4, 4)",land,404,100.0,0.5,0.1
99,"(4, 9)",land,439,100.0,0.5,0.1
99,"(5, 0)",land,407,100.0,0.5,0.1
99,"(5, 1)",land,429,100.0,0.5,0.1
99,"(5, 6)",land,373,100.0,0.5,0.1
99,"(6, 5)",land,352,100.0,0.5,0.1
99,"(7, 0)",land,472,100.0,0.5,0.1
99,"(7, 2)",land,492,100.0,0.5,0.1
99,"(7, 4)",land,494,100.0,0.5,0.1
99,"(7, 6)",land,499,100.0,0.5,0.1
99,"(7, 8)",land,368,100.0,0.5,0.1
99,"(8, 8)",land,386,100.0,0.5,0.1
99,"(8, 9)",land,471,100.0,0.5,0.1
99,"(9, 1)",land,403,100.0,0.5,0.1
99,"(9, 2)",land,420,100.0,0.5,0.1
